Country Name,Country Code,Series Name,Series Code,Value
Afghanistan,AFG,Control of Corruption: Estimate,CC.EST,-1.56373512744904
Afghanistan,AFG,Government Effectiveness: Estimate,GE.EST,-1.2221063375473
Afghanistan,AFG,Political Stability and Absence of Violence/Terrorism: Estimate,PV.EST,-2.74916744232178
Afghanistan,AFG,Regulatory Quality: Estimate,RQ.EST,-1.32791936397552
Afghanistan,AFG,Rule of Law: Estimate,RL.EST,-1.61642956733704
Afghanistan,AFG,Voice and Accountability: Estimate,VA.EST,-1.08621954917908
Albania,ALB,Control of Corruption: Estimate,CC.EST,-0.397567093372345
Albania,ALB,Government Effectiveness: Estimate,GE.EST,-0.000573236728087068
Albania,ALB,Political Stability and Absence of Violence/Terrorism: Estimate,PV.EST,0.257720142602921
Albania,ALB,Regulatory Quality: Estimate,RQ.EST,0.188962236046791
Albania,ALB,Rule of Law: Estimate,RL.EST,-0.347467511892319
Albania,ALB,Voice and Accountability: Estimate,VA.EST,0.159190967679024
Algeria,DZA,Control of Corruption: Estimate,CC.EST,-0.691359281539917
Algeria,DZA,Government Effectiveness: Estimate,GE.EST,-0.544694542884827
Algeria,DZA,Political Stability and Absence of Violence/Terrorism: Estimate,PV.EST,-1.13928198814392
Algeria,DZA,Regulatory Quality: Estimate,RQ.EST,-1.17184257507324
Algeria,DZA,Rule of Law: Estimate,RL.EST,-0.849319279193878
Algeria,DZA,Voice and Accountability: Estimate,VA.EST,-0.877241313457489
American Samoa,ASM,Control of Corruption: Estimate,CC.EST,1.23034083843231
American Samoa,ASM,Government Effectiveness: Estimate,GE.EST,0.531471788883209
American Samoa,ASM,Political Stability and Absence of Violence/Terrorism: Estimate,PV.EST,1.19253420829773
American Samoa,ASM,Regulatory Quality: Estimate,RQ.EST,0.13664747774601
American Samoa,ASM,Rule of Law: Estimate,RL.EST,1.32824563980103
American Samoa,ASM,Voice and Accountability: Estimate,VA.EST,..
Andorra,AND,Control of Corruption: Estimate,CC.EST,1.23034083843231
Andorra,AND,Government Effectiveness: Estimate,GE.EST,1.86020076274872
Andorra,AND,Political Stability and Absence of Violence/Terrorism: Estimate,PV.EST,1.39604675769806
Andorra,AND,Regulatory Quality: Estimate,RQ.EST,0.871408939361572
Andorra,AND,Rule of Law: Estimate,RL.EST,1.5640105009079
Andorra,AND,Voice and Accountability: Estimate,VA.EST,1.19754028320313
Angola,AGO,Control of Corruption: Estimate,CC.EST,-1.41182863712311
Angola,AGO,Government Effectiveness: Estimate,GE.EST,-1.03937697410583
Angola,AGO,Political Stability and Absence of Violence/Terrorism: Estimate,PV.EST,-0.386640250682831
Angola,AGO,Regulatory Quality: Estimate,RQ.EST,-1.00138103961945
Angola,AGO,Rule of Law: Estimate,RL.EST,-1.08052217960358
Angola,AGO,Voice and Accountability: Estimate,VA.EST,-1.16735506057739
Anguilla,AIA,Control of Corruption: Estimate,CC.EST,1.23034083843231
Anguilla,AIA,Government Effectiveness: Estimate,GE.EST,1.32870924472809
Anguilla,AIA,Political Stability and Absence of Violence/Terrorism: Estimate,PV.EST,1.30666780471802
Anguilla,AIA,Regulatory Quality: Estimate,RQ.EST,0.871408939361572
Anguilla,AIA,Rule of Law: Estimate,RL.EST,-0.0863430127501488
Anguilla,AIA,Voice and Accountability: Estimate,VA.EST,..
Antigua and Barbuda,ATG,Control of Corruption: Estimate,CC.EST,0.692292392253876
Antigua and Barbuda,ATG,Government Effectiveness: Estimate,GE.EST,0.265726029872894
Antigua and Barbuda,ATG,Political Stability and Absence of Violence/Terrorism: Estimate,PV.EST,1.01384449005127
Antigua and Barbuda,ATG,Regulatory Quality: Estimate,RQ.EST,0.341370731592178
Antigua and Barbuda,ATG,Rule of Law: Estimate,RL.EST,0.509351372718811
Antigua and Barbuda,ATG,Voice and Accountability: Estimate,VA.EST,0.64601719379425
Argentina,ARG,Control of Corruption: Estimate,CC.EST,-0.313135892152786
Argentina,ARG,Government Effectiveness: Estimate,GE.EST,0.176795974373817
Argentina,ARG,Political Stability and Absence of Violence/Terrorism: Estimate,PV.EST,0.221892058849335
Argentina,ARG,Regulatory Quality: Estimate,RQ.EST,-0.469679564237595
Argentina,ARG,Rule of Law: Estimate,RL.EST,-0.345988482236862
Argentina,ARG,Voice and Accountability: Estimate,VA.EST,0.54084712266922
Armenia,ARM,Control of Corruption: Estimate,CC.EST,-0.568729758262634
Armenia,ARM,Government Effectiveness: Estimate,GE.EST,-0.149187073111534
Armenia,ARM,Political Stability and Absence of Violence/Terrorism: Estimate,PV.EST,-0.6008660197258
Armenia,ARM,Regulatory Quality: Estimate,RQ.EST,0.249979600310326
Armenia,ARM,Rule of Law: Estimate,RL.EST,-0.105174474418163
Armenia,ARM,Voice and Accountability: Estimate,VA.EST,-0.617283284664154
Aruba,ABW,Control of Corruption: Estimate,CC.EST,1.29223120212555
Aruba,ABW,Government Effectiveness: Estimate,GE.EST,0.89626556634903
Aruba,ABW,Political Stability and Absence of Violence/Terrorism: Estimate,PV.EST,1.27631652355194
Aruba,ABW,Regulatory Quality: Estimate,RQ.EST,1.34767949581146
Aruba,ABW,Rule of Law: Estimate,RL.EST,1.28989219665527
Aruba,ABW,Voice and Accountability: Estimate,VA.EST,1.26906669139862
Australia,AUS,Control of Corruption: Estimate,CC.EST,1.77084732055664
Australia,AUS,Government Effectiveness: Estimate,GE.EST,1.58479738235474
Australia,AUS,Political Stability and Absence of Violence/Terrorism: Estimate,PV.EST,0.963897407054901
Australia,AUS,Regulatory Quality: Estimate,RQ.EST,1.89710128307343
Australia,AUS,Rule of Law: Estimate,RL.EST,1.7520192861557
Australia,AUS,Voice and Accountability: Estimate,VA.EST,1.30053472518921
Austria,AUT,Control of Corruption: Estimate,CC.EST,1.54405736923218
Austria,AUT,Government Effectiveness: Estimate,GE.EST,1.51350784301758
Austria,AUT,Political Stability and Absence of Violence/Terrorism: Estimate,PV.EST,0.817217648029327
Austria,AUT,Regulatory Quality: Estimate,RQ.EST,1.44045090675354
Austria,AUT,Rule of Law: Estimate,RL.EST,1.77786326408386
Austria,AUT,Voice and Accountability: Estimate,VA.EST,1.29030895233154
Azerbaijan,AZE,Control of Corruption: Estimate,CC.EST,-0.86993020772934
Azerbaijan,AZE,Government Effectiveness: Estimate,GE.EST,-0.156112611293793
Azerbaijan,AZE,Political Stability and Absence of Violence/Terrorism: Estimate,PV.EST,-0.870391666889191
Azerbaijan,AZE,Regulatory Quality: Estimate,RQ.EST,-0.282158344984055
Azerbaijan,AZE,Rule of Law: Estimate,RL.EST,-0.565593540668488
Azerbaijan,AZE,Voice and Accountability: Estimate,VA.EST,-1.60271906852722
"Bahamas, The",BHS,Control of Corruption: Estimate,CC.EST,1.13452935218811
"Bahamas, The",BHS,Government Effectiveness: Estimate,GE.EST,0.717308938503265
"Bahamas, The",BHS,Political Stability and Absence of Violence/Terrorism: Estimate,PV.EST,0.90334540605545
"Bahamas, The",BHS,Regulatory Quality: Estimate,RQ.EST,0.257599502801895
"Bahamas, The",BHS,Rule of Law: Estimate,RL.EST,0.229195848107338
"Bahamas, The",BHS,Voice and Accountability: Estimate,VA.EST,0.940302491188049
Bahrain,BHR,Control of Corruption: Estimate,CC.EST,-0.0582483634352684
Bahrain,BHR,Government Effectiveness: Estimate,GE.EST,0.324103683233261
Bahrain,BHR,Political Stability and Absence of Violence/Terrorism: Estimate,PV.EST,-0.861849665641785
Bahrain,BHR,Regulatory Quality: Estimate,RQ.EST,0.608254194259644
Bahrain,BHR,Rule of Law: Estimate,RL.EST,0.458846271038055
Bahrain,BHR,Voice and Accountability: Estimate,VA.EST,-1.44648659229279
Bangladesh,BGD,Control of Corruption: Estimate,CC.EST,-0.801719427108765
Bangladesh,BGD,Government Effectiveness: Estimate,GE.EST,-0.689339935779572
Bangladesh,BGD,Political Stability and Absence of Violence/Terrorism: Estimate,PV.EST,-1.24099135398865
Bangladesh,BGD,Regulatory Quality: Estimate,RQ.EST,-0.796762228012085
Bangladesh,BGD,Rule of Law: Estimate,RL.EST,-0.590466201305389
Bangladesh,BGD,Voice and Accountability: Estimate,VA.EST,-0.558102309703827
Barbados,BRB,Control of Corruption: Estimate,CC.EST,1.24349868297577
Barbados,BRB,Government Effectiveness: Estimate,GE.EST,1.08246421813965
Barbados,BRB,Political Stability and Absence of Violence/Terrorism: Estimate,PV.EST,0.962682723999023
Barbados,BRB,Regulatory Quality: Estimate,RQ.EST,0.481005102396011
Barbados,BRB,Rule of Law: Estimate,RL.EST,0.784002125263214
Barbados,BRB,Voice and Accountability: Estimate,VA.EST,1.10433876514435
Belarus,BLR,Control of Corruption: Estimate,CC.EST,-0.285219758749008
Belarus,BLR,Government Effectiveness: Estimate,GE.EST,-0.512486517429352
Belarus,BLR,Political Stability and Absence of Violence/Terrorism: Estimate,PV.EST,0.119983710348606
Belarus,BLR,Regulatory Quality: Estimate,RQ.EST,-0.94146341085434
Belarus,BLR,Rule of Law: Estimate,RL.EST,-0.78175687789917
Belarus,BLR,Voice and Accountability: Estimate,VA.EST,-1.3913551568985
Belgium,BEL,Control of Corruption: Estimate,CC.EST,1.6033593416214
Belgium,BEL,Government Effectiveness: Estimate,GE.EST,1.32638466358185
Belgium,BEL,Political Stability and Absence of Violence/Terrorism: Estimate,PV.EST,0.482584446668625
Belgium,BEL,Regulatory Quality: Estimate,RQ.EST,1.34068953990936
Belgium,BEL,Rule of Law: Estimate,RL.EST,1.40236556529999
Belgium,BEL,Voice and Accountability: Estimate,VA.EST,1.35331380367279
Belize,BLZ,Control of Corruption: Estimate,CC.EST,-0.244984209537506
Belize,BLZ,Government Effectiveness: Estimate,GE.EST,-0.676089704036713
Belize,BLZ,Political Stability and Absence of Violence/Terrorism: Estimate,PV.EST,0.0573244877159595
Belize,BLZ,Regulatory Quality: Estimate,RQ.EST,-0.512428820133209
Belize,BLZ,Rule of Law: Estimate,RL.EST,-0.861763060092926
Belize,BLZ,Voice and Accountability: Estimate,VA.EST,0.669242858886719
Benin,BEN,Control of Corruption: Estimate,CC.EST,-0.482515245676041
Benin,BEN,Government Effectiveness: Estimate,GE.EST,-0.566010177135468
Benin,BEN,Political Stability and Absence of Violence/Terrorism: Estimate,PV.EST,0.0541398338973522
Benin,BEN,Regulatory Quality: Estimate,RQ.EST,-0.527902185916901
Benin,BEN,Rule of Law: Estimate,RL.EST,-0.654478788375854
Benin,BEN,Voice and Accountability: Estimate,VA.EST,0.496533066034317
Bermuda,BMU,Control of Corruption: Estimate,CC.EST,1.23034083843231
Bermuda,BMU,Government Effectiveness: Estimate,GE.EST,1.32870924472809
Bermuda,BMU,Political Stability and Absence of Violence/Terrorism: Estimate,PV.EST,0.998822271823883
Bermuda,BMU,Regulatory Quality: Estimate,RQ.EST,0.871408939361572
Bermuda,BMU,Rule of Law: Estimate,RL.EST,0.856716096401215
Bermuda,BMU,Voice and Accountability: Estimate,VA.EST,..
Bhutan,BTN,Control of Corruption: Estimate,CC.EST,1.13675498962402
Bhutan,BTN,Government Effectiveness: Estimate,GE.EST,0.485713511705399
Bhutan,BTN,Political Stability and Absence of Violence/Terrorism: Estimate,PV.EST,0.990327060222626
Bhutan,BTN,Regulatory Quality: Estimate,RQ.EST,-0.665243923664093
Bhutan,BTN,Rule of Law: Estimate,RL.EST,0.474711835384369
Bhutan,BTN,Voice and Accountability: Estimate,VA.EST,-0.0496735870838165
Bolivia,BOL,Control of Corruption: Estimate,CC.EST,-0.710404694080353
Bolivia,BOL,Government Effectiveness: Estimate,GE.EST,-0.56963711977005
Bolivia,BOL,Political Stability and Absence of Violence/Terrorism: Estimate,PV.EST,-0.206531405448914
Bolivia,BOL,Regulatory Quality: Estimate,RQ.EST,-0.924245178699493
Bolivia,BOL,Rule of Law: Estimate,RL.EST,-1.2038825750351
Bolivia,BOL,Voice and Accountability: Estimate,VA.EST,0.0110938940197229
Bosnia and Herzegovina,BIH,Control of Corruption: Estimate,CC.EST,-0.470387369394302
Bosnia and Herzegovina,BIH,Government Effectiveness: Estimate,GE.EST,-0.432830661535263
Bosnia and Herzegovina,BIH,Political Stability and Absence of Violence/Terrorism: Estimate,PV.EST,-0.377774238586426
Bosnia and Herzegovina,BIH,Regulatory Quality: Estimate,RQ.EST,-0.166711077094078
Bosnia and Herzegovina,BIH,Rule of Law: Estimate,RL.EST,-0.29473015666008
Bosnia and Herzegovina,BIH,Voice and Accountability: Estimate,VA.EST,-0.164342641830444
Botswana,BWA,Control of Corruption: Estimate,CC.EST,0.93454647064209
Botswana,BWA,Government Effectiveness: Estimate,GE.EST,0.506949603557587
Botswana,BWA,Political Stability and Absence of Violence/Terrorism: Estimate,PV.EST,1.09239935874939
Botswana,BWA,Regulatory Quality: Estimate,RQ.EST,0.528430640697479
Botswana,BWA,Rule of Law: Estimate,RL.EST,0.521856963634491
Botswana,BWA,Voice and Accountability: Estimate,VA.EST,0.424854427576065
Brazil,BRA,Control of Corruption: Estimate,CC.EST,-0.443444788455963
Brazil,BRA,Government Effectiveness: Estimate,GE.EST,-0.175861731171608
Brazil,BRA,Political Stability and Absence of Violence/Terrorism: Estimate,PV.EST,-0.448016375303268
Brazil,BRA,Regulatory Quality: Estimate,RQ.EST,-0.207383990287781
Brazil,BRA,Rule of Law: Estimate,RL.EST,-0.0808707103133202
Brazil,BRA,Voice and Accountability: Estimate,VA.EST,0.469036519527435
Brunei Darussalam,BRN,Control of Corruption: Estimate,CC.EST,0.656690061092377
Brunei Darussalam,BRN,Government Effectiveness: Estimate,GE.EST,1.07159185409546
Brunei Darussalam,BRN,Political Stability and Absence of Violence/Terrorism: Estimate,PV.EST,1.26002621650696
Brunei Darussalam,BRN,Regulatory Quality: Estimate,RQ.EST,0.593465089797974
Brunei Darussalam,BRN,Rule of Law: Estimate,RL.EST,0.624220430850983
Brunei Darussalam,BRN,Voice and Accountability: Estimate,VA.EST,-0.951862573623657
Bulgaria,BGR,Control of Corruption: Estimate,CC.EST,-0.161271184682846
Bulgaria,BGR,Government Effectiveness: Estimate,GE.EST,0.289762109518051
Bulgaria,BGR,Political Stability and Absence of Violence/Terrorism: Estimate,PV.EST,0.0260055474936962
Bulgaria,BGR,Regulatory Quality: Estimate,RQ.EST,0.658501982688904
Bulgaria,BGR,Rule of Law: Estimate,RL.EST,-0.0376457124948502
Bulgaria,BGR,Voice and Accountability: Estimate,VA.EST,0.436057955026627
Burkina Faso,BFA,Control of Corruption: Estimate,CC.EST,-0.125276371836662
Burkina Faso,BFA,Government Effectiveness: Estimate,GE.EST,-0.545139253139496
Burkina Faso,BFA,Political Stability and Absence of Violence/Terrorism: Estimate,PV.EST,-0.949450016021729
Burkina Faso,BFA,Regulatory Quality: Estimate,RQ.EST,-0.397402465343475
Burkina Faso,BFA,Rule of Law: Estimate,RL.EST,-0.447282582521439
Burkina Faso,BFA,Voice and Accountability: Estimate,VA.EST,0.0421866476535797
Burundi,BDI,Control of Corruption: Estimate,CC.EST,-1.18013060092926
Burundi,BDI,Government Effectiveness: Estimate,GE.EST,-1.39756333827972
Burundi,BDI,Political Stability and Absence of Violence/Terrorism: Estimate,PV.EST,-2.08049988746643
Burundi,BDI,Regulatory Quality: Estimate,RQ.EST,-0.825263857841492
Burundi,BDI,Rule of Law: Estimate,RL.EST,-1.38879764080048
Burundi,BDI,Voice and Accountability: Estimate,VA.EST,-1.50966048240662
Cabo Verde,CPV,Control of Corruption: Estimate,CC.EST,0.875388503074646
Cabo Verde,CPV,Government Effectiveness: Estimate,GE.EST,0.0978841856122017
Cabo Verde,CPV,Political Stability and Absence of Violence/Terrorism: Estimate,PV.EST,0.882254302501678
Cabo Verde,CPV,Regulatory Quality: Estimate,RQ.EST,-0.296029031276703
Cabo Verde,CPV,Rule of Law: Estimate,RL.EST,0.345834255218506
Cabo Verde,CPV,Voice and Accountability: Estimate,VA.EST,1.01562118530273
Cambodia,KHM,Control of Corruption: Estimate,CC.EST,-1.29712700843811
Cambodia,KHM,Government Effectiveness: Estimate,GE.EST,-0.694623529911041
Cambodia,KHM,Political Stability and Absence of Violence/Terrorism: Estimate,PV.EST,0.17792771756649
Cambodia,KHM,Regulatory Quality: Estimate,RQ.EST,-0.46537920832634
Cambodia,KHM,Rule of Law: Estimate,RL.EST,-1.09599196910858
Cambodia,KHM,Voice and Accountability: Estimate,VA.EST,-1.1429728269577
Cameroon,CMR,Control of Corruption: Estimate,CC.EST,-1.13568878173828
Cameroon,CMR,Government Effectiveness: Estimate,GE.EST,-0.759951293468475
Cameroon,CMR,Political Stability and Absence of Violence/Terrorism: Estimate,PV.EST,-0.949917554855347
Cameroon,CMR,Regulatory Quality: Estimate,RQ.EST,-0.789914131164551
Cameroon,CMR,Rule of Law: Estimate,RL.EST,-1.01937627792358
Cameroon,CMR,Voice and Accountability: Estimate,VA.EST,-1.02638161182404
Canada,CAN,Control of Corruption: Estimate,CC.EST,1.98259556293488
Canada,CAN,Government Effectiveness: Estimate,GE.EST,1.79841291904449
Canada,CAN,Political Stability and Absence of Violence/Terrorism: Estimate,PV.EST,1.2428994178772
Canada,CAN,Regulatory Quality: Estimate,RQ.EST,1.73895764350891
Canada,CAN,Rule of Law: Estimate,RL.EST,1.83543384075165
Canada,CAN,Voice and Accountability: Estimate,VA.EST,1.37780499458313
Cayman Islands,CYM,Control of Corruption: Estimate,CC.EST,0.533327400684357
Cayman Islands,CYM,Government Effectiveness: Estimate,GE.EST,1.17795729637146
Cayman Islands,CYM,Political Stability and Absence of Violence/Terrorism: Estimate,PV.EST,1.16670358181
Cayman Islands,CYM,Regulatory Quality: Estimate,RQ.EST,0.787406086921692
Cayman Islands,CYM,Rule of Law: Estimate,RL.EST,0.781872987747192
Cayman Islands,CYM,Voice and Accountability: Estimate,VA.EST,0.474082291126251
Central African Republic,CAF,Control of Corruption: Estimate,CC.EST,-1.27527713775635
Central African Republic,CAF,Government Effectiveness: Estimate,GE.EST,-1.76806378364563
Central African Republic,CAF,Political Stability and Absence of Violence/Terrorism: Estimate,PV.EST,-1.73766076564789
Central African Republic,CAF,Regulatory Quality: Estimate,RQ.EST,-1.42716693878174
Central African Republic,CAF,Rule of Law: Estimate,RL.EST,-1.84308254718781
Central African Republic,CAF,Voice and Accountability: Estimate,VA.EST,-1.12888085842133
Chad,TCD,Control of Corruption: Estimate,CC.EST,-1.45426738262177
Chad,TCD,Government Effectiveness: Estimate,GE.EST,-1.49426019191742
Chad,TCD,Political Stability and Absence of Violence/Terrorism: Estimate,PV.EST,-1.20812702178955
Chad,TCD,Regulatory Quality: Estimate,RQ.EST,-1.17993187904358
Chad,TCD,Rule of Law: Estimate,RL.EST,-1.42722141742706
Chad,TCD,Voice and Accountability: Estimate,VA.EST,-1.34316444396973
Chile,CHL,Control of Corruption: Estimate,CC.EST,1.11277258396149
Chile,CHL,Government Effectiveness: Estimate,GE.EST,1.01817071437836
Chile,CHL,Political Stability and Absence of Violence/Terrorism: Estimate,PV.EST,0.51336795091629
Chile,CHL,Regulatory Quality: Estimate,RQ.EST,1.37303042411804
Chile,CHL,Rule of Law: Estimate,RL.EST,1.12539005279541
Chile,CHL,Voice and Accountability: Estimate,VA.EST,0.997013747692108
China,CHN,Control of Corruption: Estimate,CC.EST,-0.252539366483688
China,CHN,Government Effectiveness: Estimate,GE.EST,0.358472794294357
China,CHN,Political Stability and Absence of Violence/Terrorism: Estimate,PV.EST,-0.521165668964386
China,CHN,Regulatory Quality: Estimate,RQ.EST,-0.264594554901123
China,CHN,Rule of Law: Estimate,RL.EST,-0.223669767379761
China,CHN,Voice and Accountability: Estimate,VA.EST,-1.61608517169952
Colombia,COL,Control of Corruption: Estimate,CC.EST,-0.337096720933914
Colombia,COL,Government Effectiveness: Estimate,GE.EST,0.0230419728904963
Colombia,COL,Political Stability and Absence of Violence/Terrorism: Estimate,PV.EST,-0.960490107536316
Colombia,COL,Regulatory Quality: Estimate,RQ.EST,0.401921898126602
Colombia,COL,Rule of Law: Estimate,RL.EST,-0.316749751567841
Colombia,COL,Voice and Accountability: Estimate,VA.EST,0.095835842192173
Comoros,COM,Control of Corruption: Estimate,CC.EST,-0.642801702022552
Comoros,COM,Government Effectiveness: Estimate,GE.EST,-1.54175174236298
Comoros,COM,Political Stability and Absence of Violence/Terrorism: Estimate,PV.EST,-0.0154207358136773
Comoros,COM,Regulatory Quality: Estimate,RQ.EST,-1.04955267906189
Comoros,COM,Rule of Law: Estimate,RL.EST,-1.12799179553986
Comoros,COM,Voice and Accountability: Estimate,VA.EST,-0.183175697922707
"Congo, Dem. Rep.",COD,Control of Corruption: Estimate,CC.EST,-1.33309137821198
"Congo, Dem. Rep.",COD,Government Effectiveness: Estimate,GE.EST,-1.50525689125061
"Congo, Dem. Rep.",COD,Political Stability and Absence of Violence/Terrorism: Estimate,PV.EST,-2.19761514663696
"Congo, Dem. Rep.",COD,Regulatory Quality: Estimate,RQ.EST,-1.32396197319031
"Congo, Dem. Rep.",COD,Rule of Law: Estimate,RL.EST,-1.61356055736542
"Congo, Dem. Rep.",COD,Voice and Accountability: Estimate,VA.EST,-1.3902975320816
"Congo, Rep.",COG,Control of Corruption: Estimate,CC.EST,-1.2073587179184
"Congo, Rep.",COG,Government Effectiveness: Estimate,GE.EST,-1.09565854072571
"Congo, Rep.",COG,Political Stability and Absence of Violence/Terrorism: Estimate,PV.EST,-0.565750539302826
"Congo, Rep.",COG,Regulatory Quality: Estimate,RQ.EST,-1.16558682918549
"Congo, Rep.",COG,Rule of Law: Estimate,RL.EST,-1.0424622297287
"Congo, Rep.",COG,Voice and Accountability: Estimate,VA.EST,-1.16012322902679
Cook Islands,COK,Control of Corruption: Estimate,CC.EST,..
Cook Islands,COK,Government Effectiveness: Estimate,GE.EST,..
Cook Islands,COK,Political Stability and Absence of Violence/Terrorism: Estimate,PV.EST,..
Cook Islands,COK,Regulatory Quality: Estimate,RQ.EST,..
Cook Islands,COK,Rule of Law: Estimate,RL.EST,..
Cook Islands,COK,Voice and Accountability: Estimate,VA.EST,..
Costa Rica,CRI,Control of Corruption: Estimate,CC.EST,0.702415406703949
Costa Rica,CRI,Government Effectiveness: Estimate,GE.EST,0.355204492807388
Costa Rica,CRI,Political Stability and Absence of Violence/Terrorism: Estimate,PV.EST,0.745057940483093
Costa Rica,CRI,Regulatory Quality: Estimate,RQ.EST,0.407434463500977
Costa Rica,CRI,Rule of Law: Estimate,RL.EST,0.463711827993393
Costa Rica,CRI,Voice and Accountability: Estimate,VA.EST,1.13541793823242
Cote d'Ivoire,CIV,Control of Corruption: Estimate,CC.EST,-0.539604365825653
Cote d'Ivoire,CIV,Government Effectiveness: Estimate,GE.EST,-0.667884647846222
Cote d'Ivoire,CIV,Political Stability and Absence of Violence/Terrorism: Estimate,PV.EST,-0.902376532554626
Cote d'Ivoire,CIV,Regulatory Quality: Estimate,RQ.EST,-0.364921480417252
Cote d'Ivoire,CIV,Rule of Law: Estimate,RL.EST,-0.671491086483002
Cote d'Ivoire,CIV,Voice and Accountability: Estimate,VA.EST,-0.283677577972412
Croatia,HRV,Control of Corruption: Estimate,CC.EST,0.194178506731987
Croatia,HRV,Government Effectiveness: Estimate,GE.EST,0.485255539417267
Croatia,HRV,Political Stability and Absence of Violence/Terrorism: Estimate,PV.EST,0.675161302089691
Croatia,HRV,Regulatory Quality: Estimate,RQ.EST,0.356151878833771
Croatia,HRV,Rule of Law: Estimate,RL.EST,0.436544716358185
Croatia,HRV,Voice and Accountability: Estimate,VA.EST,0.517940163612366
Cuba,CUB,Control of Corruption: Estimate,CC.EST,0.0531746968626976
Cuba,CUB,Government Effectiveness: Estimate,GE.EST,-0.126500129699707
Cuba,CUB,Political Stability and Absence of Violence/Terrorism: Estimate,PV.EST,0.61955463886261
Cuba,CUB,Regulatory Quality: Estimate,RQ.EST,-1.33886408805847
Cuba,CUB,Rule of Law: Estimate,RL.EST,-0.412079066038132
Cuba,CUB,Voice and Accountability: Estimate,VA.EST,-1.62855112552643
Cyprus,CYP,Control of Corruption: Estimate,CC.EST,0.822477400302887
Cyprus,CYP,Government Effectiveness: Estimate,GE.EST,0.978731870651245
Cyprus,CYP,Political Stability and Absence of Violence/Terrorism: Estimate,PV.EST,0.574111521244049
Cyprus,CYP,Regulatory Quality: Estimate,RQ.EST,1.05264961719513
Cyprus,CYP,Rule of Law: Estimate,RL.EST,0.727526187896729
Cyprus,CYP,Voice and Accountability: Estimate,VA.EST,1.07931506633759
Czech Republic,CZE,Control of Corruption: Estimate,CC.EST,0.506166696548462
Czech Republic,CZE,Government Effectiveness: Estimate,GE.EST,1.05800712108612
Czech Republic,CZE,Political Stability and Absence of Violence/Terrorism: Estimate,PV.EST,0.991675138473511
Czech Republic,CZE,Regulatory Quality: Estimate,RQ.EST,0.986398041248322
Czech Republic,CZE,Rule of Law: Estimate,RL.EST,1.09284007549286
Czech Republic,CZE,Voice and Accountability: Estimate,VA.EST,1.04701995849609
Denmark,DNK,Control of Corruption: Estimate,CC.EST,2.24314141273499
Denmark,DNK,Government Effectiveness: Estimate,GE.EST,1.88756537437439
Denmark,DNK,Political Stability and Absence of Violence/Terrorism: Estimate,PV.EST,0.847919702529907
Denmark,DNK,Regulatory Quality: Estimate,RQ.EST,1.57545983791351
Denmark,DNK,Rule of Law: Estimate,RL.EST,1.89595913887024
Denmark,DNK,Voice and Accountability: Estimate,VA.EST,1.4742192029953
Djibouti,DJI,Control of Corruption: Estimate,CC.EST,-0.65062415599823
Djibouti,DJI,Government Effectiveness: Estimate,GE.EST,-0.973534286022186
Djibouti,DJI,Political Stability and Absence of Violence/Terrorism: Estimate,PV.EST,-0.627737700939178
Djibouti,DJI,Regulatory Quality: Estimate,RQ.EST,-0.699908792972565
Djibouti,DJI,Rule of Law: Estimate,RL.EST,-0.971201181411743
Djibouti,DJI,Voice and Accountability: Estimate,VA.EST,-1.31999456882477
Dominica,DMA,Control of Corruption: Estimate,CC.EST,0.626674950122833
Dominica,DMA,Government Effectiveness: Estimate,GE.EST,0.0487849675118923
Dominica,DMA,Political Stability and Absence of Violence/Terrorism: Estimate,PV.EST,1.12875509262085
Dominica,DMA,Regulatory Quality: Estimate,RQ.EST,0.198957994580269
Dominica,DMA,Rule of Law: Estimate,RL.EST,0.606004953384399
Dominica,DMA,Voice and Accountability: Estimate,VA.EST,0.985765337944031
Dominican Republic,DOM,Control of Corruption: Estimate,CC.EST,-0.7767014503479
Dominican Republic,DOM,Government Effectiveness: Estimate,GE.EST,-0.249271780252457
Dominican Republic,DOM,Political Stability and Absence of Violence/Terrorism: Estimate,PV.EST,0.290499001741409
Dominican Republic,DOM,Regulatory Quality: Estimate,RQ.EST,-0.0652390867471695
Dominican Republic,DOM,Rule of Law: Estimate,RL.EST,-0.288497149944305
Dominican Republic,DOM,Voice and Accountability: Estimate,VA.EST,0.187346532940865
Ecuador,ECU,Control of Corruption: Estimate,CC.EST,-0.672770023345947
Ecuador,ECU,Government Effectiveness: Estimate,GE.EST,-0.431753009557724
Ecuador,ECU,Political Stability and Absence of Violence/Terrorism: Estimate,PV.EST,-0.0995833426713943
Ecuador,ECU,Regulatory Quality: Estimate,RQ.EST,-1.0185307264328
Ecuador,ECU,Rule of Law: Estimate,RL.EST,-0.693616449832916
Ecuador,ECU,Voice and Accountability: Estimate,VA.EST,-0.246067106723785
"Egypt, Arab Rep.",EGY,Control of Corruption: Estimate,CC.EST,-0.629355072975159
"Egypt, Arab Rep.",EGY,Government Effectiveness: Estimate,GE.EST,-0.65772408246994
"Egypt, Arab Rep.",EGY,Political Stability and Absence of Violence/Terrorism: Estimate,PV.EST,-1.41919279098511
"Egypt, Arab Rep.",EGY,Regulatory Quality: Estimate,RQ.EST,-0.923167943954468
"Egypt, Arab Rep.",EGY,Rule of Law: Estimate,RL.EST,-0.409539669752121
"Egypt, Arab Rep.",EGY,Voice and Accountability: Estimate,VA.EST,-1.2259566783905
El Salvador,SLV,Control of Corruption: Estimate,CC.EST,-0.566049516201019
El Salvador,SLV,Government Effectiveness: Estimate,GE.EST,-0.278847932815552
El Salvador,SLV,Political Stability and Absence of Violence/Terrorism: Estimate,PV.EST,-0.0596209578216076
El Salvador,SLV,Regulatory Quality: Estimate,RQ.EST,0.0938996374607086
El Salvador,SLV,Rule of Law: Estimate,RL.EST,-0.707341551780701
El Salvador,SLV,Voice and Accountability: Estimate,VA.EST,0.278267502784729
Equatorial Guinea,GNQ,Control of Corruption: Estimate,CC.EST,-1.81344020366669
Equatorial Guinea,GNQ,Government Effectiveness: Estimate,GE.EST,-1.40900480747223
Equatorial Guinea,GNQ,Political Stability and Absence of Violence/Terrorism: Estimate,PV.EST,-0.192911937832832
Equatorial Guinea,GNQ,Regulatory Quality: Estimate,RQ.EST,-1.38016593456268
Equatorial Guinea,GNQ,Rule of Law: Estimate,RL.EST,-1.43647027015686
Equatorial Guinea,GNQ,Voice and Accountability: Estimate,VA.EST,-1.9259557723999
Eritrea,ERI,Control of Corruption: Estimate,CC.EST,-1.13186073303223
Eritrea,ERI,Government Effectiveness: Estimate,GE.EST,-1.6850414276123
Eritrea,ERI,Political Stability and Absence of Violence/Terrorism: Estimate,PV.EST,-0.881781041622162
Eritrea,ERI,Regulatory Quality: Estimate,RQ.EST,-2.18672680854797
Eritrea,ERI,Rule of Law: Estimate,RL.EST,-1.52739346027374
Eritrea,ERI,Voice and Accountability: Estimate,VA.EST,-2.09683918952942
Estonia,EST,Control of Corruption: Estimate,CC.EST,1.2138659954071
Estonia,EST,Government Effectiveness: Estimate,GE.EST,1.11569678783417
Estonia,EST,Political Stability and Absence of Violence/Terrorism: Estimate,PV.EST,0.692293524742126
Estonia,EST,Regulatory Quality: Estimate,RQ.EST,1.69809412956238
Estonia,EST,Rule of Law: Estimate,RL.EST,1.24409341812134
Estonia,EST,Voice and Accountability: Estimate,VA.EST,1.20156860351563
Ethiopia,ETH,Control of Corruption: Estimate,CC.EST,-0.438951551914215
Ethiopia,ETH,Government Effectiveness: Estimate,GE.EST,-0.639099538326263
Ethiopia,ETH,Political Stability and Absence of Violence/Terrorism: Estimate,PV.EST,-1.56897592544556
Ethiopia,ETH,Regulatory Quality: Estimate,RQ.EST,-1.10137295722961
Ethiopia,ETH,Rule of Law: Estimate,RL.EST,-0.393549561500549
Ethiopia,ETH,Voice and Accountability: Estimate,VA.EST,-1.44630408287048
Fiji,FJI,Control of Corruption: Estimate,CC.EST,0.134271144866943
Fiji,FJI,Government Effectiveness: Estimate,GE.EST,-0.26369446516037
Fiji,FJI,Political Stability and Absence of Violence/Terrorism: Estimate,PV.EST,0.830223858356476
Fiji,FJI,Regulatory Quality: Estimate,RQ.EST,-0.377137929201126
Fiji,FJI,Rule of Law: Estimate,RL.EST,-0.294661819934845
Fiji,FJI,Voice and Accountability: Estimate,VA.EST,-0.0274359751492739
Finland,FIN,Control of Corruption: Estimate,CC.EST,2.28306245803833
Finland,FIN,Government Effectiveness: Estimate,GE.EST,1.84847295284271
Finland,FIN,Political Stability and Absence of Violence/Terrorism: Estimate,PV.EST,0.961734354496002
Finland,FIN,Regulatory Quality: Estimate,RQ.EST,1.81747925281525
Finland,FIN,Rule of Law: Estimate,RL.EST,2.01779341697693
Finland,FIN,Voice and Accountability: Estimate,VA.EST,1.48552823066711
France,FRA,Control of Corruption: Estimate,CC.EST,1.36619985103607
France,FRA,Government Effectiveness: Estimate,GE.EST,1.40662443637848
France,FRA,Political Stability and Absence of Violence/Terrorism: Estimate,PV.EST,-0.0641244873404503
France,FRA,Regulatory Quality: Estimate,RQ.EST,1.07024955749512
France,FRA,Rule of Law: Estimate,RL.EST,1.40667223930359
France,FRA,Voice and Accountability: Estimate,VA.EST,1.07647240161896
French Guiana,GUF,Control of Corruption: Estimate,CC.EST,0.979321837425232
French Guiana,GUF,Government Effectiveness: Estimate,GE.EST,1.13786005973816
French Guiana,GUF,Political Stability and Absence of Violence/Terrorism: Estimate,PV.EST,0.555143654346466
French Guiana,GUF,Regulatory Quality: Estimate,RQ.EST,1.42886531352997
French Guiana,GUF,Rule of Law: Estimate,RL.EST,1.32630205154419
French Guiana,GUF,Voice and Accountability: Estimate,VA.EST,1.26906669139862
Gabon,GAB,Control of Corruption: Estimate,CC.EST,-0.749289095401764
Gabon,GAB,Government Effectiveness: Estimate,GE.EST,-0.790056109428406
Gabon,GAB,Political Stability and Absence of Violence/Terrorism: Estimate,PV.EST,-0.0678350031375885
Gabon,GAB,Regulatory Quality: Estimate,RQ.EST,-0.797914206981659
Gabon,GAB,Rule of Law: Estimate,RL.EST,-0.58434921503067
Gabon,GAB,Voice and Accountability: Estimate,VA.EST,-0.964300215244293
"Gambia, The",GMB,Control of Corruption: Estimate,CC.EST,-0.796910166740417
"Gambia, The",GMB,Government Effectiveness: Estimate,GE.EST,-0.843511879444122
"Gambia, The",GMB,Political Stability and Absence of Violence/Terrorism: Estimate,PV.EST,-0.520871698856354
"Gambia, The",GMB,Regulatory Quality: Estimate,RQ.EST,-0.509284317493439
"Gambia, The",GMB,Rule of Law: Estimate,RL.EST,-0.747435212135315
"Gambia, The",GMB,Voice and Accountability: Estimate,VA.EST,-1.27518129348755
Georgia,GEO,Control of Corruption: Estimate,CC.EST,0.673087775707245
Georgia,GEO,Government Effectiveness: Estimate,GE.EST,0.511828899383545
Georgia,GEO,Political Stability and Absence of Violence/Terrorism: Estimate,PV.EST,-0.286235988140106
Georgia,GEO,Regulatory Quality: Estimate,RQ.EST,1.00849997997284
Georgia,GEO,Rule of Law: Estimate,RL.EST,0.36709526181221
Georgia,GEO,Voice and Accountability: Estimate,VA.EST,0.216686278581619
Germany,DEU,Control of Corruption: Estimate,CC.EST,1.82656192779541
Germany,DEU,Government Effectiveness: Estimate,GE.EST,1.74461901187897
Germany,DEU,Political Stability and Absence of Violence/Terrorism: Estimate,PV.EST,0.76018899679184
Germany,DEU,Regulatory Quality: Estimate,RQ.EST,1.81703913211823
Germany,DEU,Rule of Law: Estimate,RL.EST,1.60699951648712
Germany,DEU,Voice and Accountability: Estimate,VA.EST,1.32617294788361
Ghana,GHA,Control of Corruption: Estimate,CC.EST,-0.166219040751457
Ghana,GHA,Government Effectiveness: Estimate,GE.EST,-0.202281638979912
Ghana,GHA,Political Stability and Absence of Violence/Terrorism: Estimate,PV.EST,-0.162033557891846
Ghana,GHA,Regulatory Quality: Estimate,RQ.EST,-0.232526019215584
Ghana,GHA,Rule of Law: Estimate,RL.EST,-0.00362927932292223
Ghana,GHA,Voice and Accountability: Estimate,VA.EST,0.642395079135895
Greece,GRC,Control of Corruption: Estimate,CC.EST,-0.05219491943717
Greece,GRC,Government Effectiveness: Estimate,GE.EST,0.211184680461884
Greece,GRC,Political Stability and Absence of Violence/Terrorism: Estimate,PV.EST,-0.138517588376999
Greece,GRC,Regulatory Quality: Estimate,RQ.EST,0.148314923048019
Greece,GRC,Rule of Law: Estimate,RL.EST,0.196004018187523
Greece,GRC,Voice and Accountability: Estimate,VA.EST,0.65334153175354
Greenland,GRL,Control of Corruption: Estimate,CC.EST,1.16830086708069
Greenland,GRL,Government Effectiveness: Estimate,GE.EST,0.847037434577942
Greenland,GRL,Political Stability and Absence of Violence/Terrorism: Estimate,PV.EST,1.96148276329041
Greenland,GRL,Regulatory Quality: Estimate,RQ.EST,1.33472084999084
Greenland,GRL,Rule of Law: Estimate,RL.EST,1.73632884025574
Greenland,GRL,Voice and Accountability: Estimate,VA.EST,1.26906669139862
Grenada,GRD,Control of Corruption: Estimate,CC.EST,0.568943858146667
Grenada,GRD,Government Effectiveness: Estimate,GE.EST,-0.179290071129799
Grenada,GRD,Political Stability and Absence of Violence/Terrorism: Estimate,PV.EST,1.01384449005127
Grenada,GRD,Regulatory Quality: Estimate,RQ.EST,0.0839798748493195
Grenada,GRD,Rule of Law: Estimate,RL.EST,0.565270066261292
Grenada,GRD,Voice and Accountability: Estimate,VA.EST,0.862975895404816
Guam,GUM,Control of Corruption: Estimate,CC.EST,1.23034083843231
Guam,GUM,Government Effectiveness: Estimate,GE.EST,0.265726029872894
Guam,GUM,Political Stability and Absence of Violence/Terrorism: Estimate,PV.EST,0.671826660633087
Guam,GUM,Regulatory Quality: Estimate,RQ.EST,0.13664747774601
Guam,GUM,Rule of Law: Estimate,RL.EST,1.09248089790344
Guam,GUM,Voice and Accountability: Estimate,VA.EST,..
Guatemala,GTM,Control of Corruption: Estimate,CC.EST,-0.740638554096222
Guatemala,GTM,Government Effectiveness: Estimate,GE.EST,-0.604201674461365
Guatemala,GTM,Political Stability and Absence of Violence/Terrorism: Estimate,PV.EST,-0.536551833152771
Guatemala,GTM,Regulatory Quality: Estimate,RQ.EST,-0.202417522668839
Guatemala,GTM,Rule of Law: Estimate,RL.EST,-1.04046821594238
Guatemala,GTM,Voice and Accountability: Estimate,VA.EST,-0.307933002710342
Guinea,GIN,Control of Corruption: Estimate,CC.EST,-0.942135035991669
Guinea,GIN,Government Effectiveness: Estimate,GE.EST,-1.00802612304688
Guinea,GIN,Political Stability and Absence of Violence/Terrorism: Estimate,PV.EST,-0.407191723585129
Guinea,GIN,Regulatory Quality: Estimate,RQ.EST,-0.867670774459839
Guinea,GIN,Rule of Law: Estimate,RL.EST,-1.28866505622864
Guinea,GIN,Voice and Accountability: Estimate,VA.EST,-0.732261896133423
Guinea-Bissau,GNB,Control of Corruption: Estimate,CC.EST,-1.55633580684662
Guinea-Bissau,GNB,Government Effectiveness: Estimate,GE.EST,-1.63544416427612
Guinea-Bissau,GNB,Political Stability and Absence of Violence/Terrorism: Estimate,PV.EST,-0.504301130771637
Guinea-Bissau,GNB,Regulatory Quality: Estimate,RQ.EST,-1.23583364486694
Guinea-Bissau,GNB,Rule of Law: Estimate,RL.EST,-1.49050045013428
Guinea-Bissau,GNB,Voice and Accountability: Estimate,VA.EST,-0.700723111629486
Guyana,GUY,Control of Corruption: Estimate,CC.EST,-0.320478618144989
Guyana,GUY,Government Effectiveness: Estimate,GE.EST,-0.300763994455338
Guyana,GUY,Political Stability and Absence of Violence/Terrorism: Estimate,PV.EST,-0.0268098264932632
Guyana,GUY,Regulatory Quality: Estimate,RQ.EST,-0.416585773229599
Guyana,GUY,Rule of Law: Estimate,RL.EST,-0.309569329023361
Guyana,GUY,Voice and Accountability: Estimate,VA.EST,0.304307669401169
Haiti,HTI,Control of Corruption: Estimate,CC.EST,-1.34828674793243
Haiti,HTI,Government Effectiveness: Estimate,GE.EST,-2.05826783180237
Haiti,HTI,Political Stability and Absence of Violence/Terrorism: Estimate,PV.EST,-0.674472987651825
Haiti,HTI,Regulatory Quality: Estimate,RQ.EST,-1.23842573165894
Haiti,HTI,Rule of Law: Estimate,RL.EST,-0.998515665531158
Haiti,HTI,Voice and Accountability: Estimate,VA.EST,-0.729568719863892
Honduras,HND,Control of Corruption: Estimate,CC.EST,-0.689492046833038
Honduras,HND,Government Effectiveness: Estimate,GE.EST,-0.732573270797729
Honduras,HND,Political Stability and Absence of Violence/Terrorism: Estimate,PV.EST,-0.362588584423065
Honduras,HND,Regulatory Quality: Estimate,RQ.EST,-0.513025224208832
Honduras,HND,Rule of Law: Estimate,RL.EST,-1.1115403175354
Honduras,HND,Voice and Accountability: Estimate,VA.EST,-0.428190350532532
"Hong Kong SAR, China",HKG,Control of Corruption: Estimate,CC.EST,1.5771564245224
"Hong Kong SAR, China",HKG,Government Effectiveness: Estimate,GE.EST,1.86094462871552
"Hong Kong SAR, China",HKG,Political Stability and Absence of Violence/Terrorism: Estimate,PV.EST,0.841842353343964
"Hong Kong SAR, China",HKG,Regulatory Quality: Estimate,RQ.EST,2.15409326553345
"Hong Kong SAR, China",HKG,Rule of Law: Estimate,RL.EST,1.69526934623718
"Hong Kong SAR, China",HKG,Voice and Accountability: Estimate,VA.EST,0.268440127372742
Hungary,HUN,Control of Corruption: Estimate,CC.EST,0.0812878683209419
Hungary,HUN,Government Effectiveness: Estimate,GE.EST,0.452733814716339
Hungary,HUN,Political Stability and Absence of Violence/Terrorism: Estimate,PV.EST,0.714944005012512
Hungary,HUN,Regulatory Quality: Estimate,RQ.EST,0.603398501873016
Hungary,HUN,Rule of Law: Estimate,RL.EST,0.510549545288086
Hungary,HUN,Voice and Accountability: Estimate,VA.EST,0.370236337184906
Iceland,ISL,Control of Corruption: Estimate,CC.EST,1.98773181438446
Iceland,ISL,Government Effectiveness: Estimate,GE.EST,1.40809774398804
Iceland,ISL,Political Stability and Absence of Violence/Terrorism: Estimate,PV.EST,1.33469474315643
Iceland,ISL,Regulatory Quality: Estimate,RQ.EST,1.27678787708282
Iceland,ISL,Rule of Law: Estimate,RL.EST,1.51031887531281
Iceland,ISL,Voice and Accountability: Estimate,VA.EST,1.34152221679688
India,IND,Control of Corruption: Estimate,CC.EST,-0.302169322967529
India,IND,Government Effectiveness: Estimate,GE.EST,0.100246459245682
India,IND,Political Stability and Absence of Violence/Terrorism: Estimate,PV.EST,-0.954577803611755
India,IND,Regulatory Quality: Estimate,RQ.EST,-0.306522995233536
India,IND,Rule of Law: Estimate,RL.EST,-0.0703497380018234
India,IND,Voice and Accountability: Estimate,VA.EST,0.414182215929031
Indonesia,IDN,Control of Corruption: Estimate,CC.EST,-0.387860953807831
Indonesia,IDN,Government Effectiveness: Estimate,GE.EST,0.0135305961593986
Indonesia,IDN,Political Stability and Absence of Violence/Terrorism: Estimate,PV.EST,-0.377522617578506
Indonesia,IDN,Regulatory Quality: Estimate,RQ.EST,-0.12233479321003
Indonesia,IDN,Rule of Law: Estimate,RL.EST,-0.355571955442429
Indonesia,IDN,Voice and Accountability: Estimate,VA.EST,0.143167585134506
"Iran, Islamic Rep.",IRN,Control of Corruption: Estimate,CC.EST,-0.716408312320709
"Iran, Islamic Rep.",IRN,Government Effectiveness: Estimate,GE.EST,-0.204273581504822
"Iran, Islamic Rep.",IRN,Political Stability and Absence of Violence/Terrorism: Estimate,PV.EST,-0.744589269161224
"Iran, Islamic Rep.",IRN,Regulatory Quality: Estimate,RQ.EST,-1.22947776317596
"Iran, Islamic Rep.",IRN,Rule of Law: Estimate,RL.EST,-0.712391138076782
"Iran, Islamic Rep.",IRN,Voice and Accountability: Estimate,VA.EST,-1.38611721992493
Iraq,IRQ,Control of Corruption: Estimate,CC.EST,-1.39599180221558
Iraq,IRQ,Government Effectiveness: Estimate,GE.EST,-1.26427257061005
Iraq,IRQ,Political Stability and Absence of Violence/Terrorism: Estimate,PV.EST,-2.2778000831604
Iraq,IRQ,Regulatory Quality: Estimate,RQ.EST,-1.12505328655243
Iraq,IRQ,Rule of Law: Estimate,RL.EST,-1.70130956172943
Iraq,IRQ,Voice and Accountability: Estimate,VA.EST,-1.01005792617798
Ireland,IRL,Control of Corruption: Estimate,CC.EST,1.62767004966736
Ireland,IRL,Government Effectiveness: Estimate,GE.EST,1.35085451602936
Ireland,IRL,Political Stability and Absence of Violence/Terrorism: Estimate,PV.EST,0.878766059875488
Ireland,IRL,Regulatory Quality: Estimate,RQ.EST,1.7411390542984
Ireland,IRL,Rule of Law: Estimate,RL.EST,1.53666543960571
Ireland,IRL,Voice and Accountability: Estimate,VA.EST,1.29209923744202
Israel,ISR,Control of Corruption: Estimate,CC.EST,1.05970966815948
Israel,ISR,Government Effectiveness: Estimate,GE.EST,1.35250866413116
Israel,ISR,Political Stability and Absence of Violence/Terrorism: Estimate,PV.EST,-0.827416777610779
Israel,ISR,Regulatory Quality: Estimate,RQ.EST,1.31266343593597
Israel,ISR,Rule of Law: Estimate,RL.EST,1.01859557628632
Israel,ISR,Voice and Accountability: Estimate,VA.EST,0.771464586257935
Italy,ITA,Control of Corruption: Estimate,CC.EST,0.0464959852397442
Italy,ITA,Government Effectiveness: Estimate,GE.EST,0.521717190742493
Italy,ITA,Political Stability and Absence of Violence/Terrorism: Estimate,PV.EST,0.35258737206459
Italy,ITA,Regulatory Quality: Estimate,RQ.EST,0.710581481456757
Italy,ITA,Rule of Law: Estimate,RL.EST,0.265291482210159
Italy,ITA,Voice and Accountability: Estimate,VA.EST,1.03629624843597
Jamaica,JAM,Control of Corruption: Estimate,CC.EST,-0.160900950431824
Jamaica,JAM,Government Effectiveness: Estimate,GE.EST,0.41215443611145
Jamaica,JAM,Political Stability and Absence of Violence/Terrorism: Estimate,PV.EST,0.242776766419411
Jamaica,JAM,Regulatory Quality: Estimate,RQ.EST,0.163832545280457
Jamaica,JAM,Rule of Law: Estimate,RL.EST,-0.251835763454437
Jamaica,JAM,Voice and Accountability: Estimate,VA.EST,0.685919404029846
Japan,JPN,Control of Corruption: Estimate,CC.EST,1.51102674007416
Japan,JPN,Government Effectiveness: Estimate,GE.EST,1.83235287666321
Japan,JPN,Political Stability and Absence of Violence/Terrorism: Estimate,PV.EST,1.00827598571777
Japan,JPN,Regulatory Quality: Estimate,RQ.EST,1.42820978164673
Japan,JPN,Rule of Law: Estimate,RL.EST,1.37756633758545
Japan,JPN,Voice and Accountability: Estimate,VA.EST,1.00122117996216
"Jersey, Channel Islands",JEY,Control of Corruption: Estimate,CC.EST,1.14184963703156
"Jersey, Channel Islands",JEY,Government Effectiveness: Estimate,GE.EST,1.27511870861053
"Jersey, Channel Islands",JEY,Political Stability and Absence of Violence/Terrorism: Estimate,PV.EST,1.31910979747772
"Jersey, Channel Islands",JEY,Regulatory Quality: Estimate,RQ.EST,0.698701679706573
"Jersey, Channel Islands",JEY,Rule of Law: Estimate,RL.EST,1.73632884025574
"Jersey, Channel Islands",JEY,Voice and Accountability: Estimate,VA.EST,1.26906669139862
Jordan,JOR,Control of Corruption: Estimate,CC.EST,0.268876373767853
Jordan,JOR,Government Effectiveness: Estimate,GE.EST,0.13606396317482
Jordan,JOR,Political Stability and Absence of Violence/Terrorism: Estimate,PV.EST,-0.533168256282806
Jordan,JOR,Regulatory Quality: Estimate,RQ.EST,0.051669891923666
Jordan,JOR,Rule of Law: Estimate,RL.EST,0.313855677843094
Jordan,JOR,Voice and Accountability: Estimate,VA.EST,-0.755413174629211
Kazakhstan,KAZ,Control of Corruption: Estimate,CC.EST,-0.804642558097839
Kazakhstan,KAZ,Government Effectiveness: Estimate,GE.EST,-0.0607126727700233
Kazakhstan,KAZ,Political Stability and Absence of Violence/Terrorism: Estimate,PV.EST,0.0446353144943714
Kazakhstan,KAZ,Regulatory Quality: Estimate,RQ.EST,-0.0998564511537552
Kazakhstan,KAZ,Rule of Law: Estimate,RL.EST,-0.417186588048935
Kazakhstan,KAZ,Voice and Accountability: Estimate,VA.EST,-1.28884088993073
Kenya,KEN,Control of Corruption: Estimate,CC.EST,-0.897414803504944
Kenya,KEN,Government Effectiveness: Estimate,GE.EST,-0.314097195863724
Kenya,KEN,Political Stability and Absence of Violence/Terrorism: Estimate,PV.EST,-1.32748818397522
Kenya,KEN,Regulatory Quality: Estimate,RQ.EST,-0.300370424985886
Kenya,KEN,Rule of Law: Estimate,RL.EST,-0.530303478240967
Kenya,KEN,Voice and Accountability: Estimate,VA.EST,-0.147070869803429
Kiribati,KIR,Control of Corruption: Estimate,CC.EST,0.248799219727516
Kiribati,KIR,Government Effectiveness: Estimate,GE.EST,-0.44592821598053
Kiribati,KIR,Political Stability and Absence of Violence/Terrorism: Estimate,PV.EST,0.866864621639252
Kiribati,KIR,Regulatory Quality: Estimate,RQ.EST,-0.838994562625885
Kiribati,KIR,Rule of Law: Estimate,RL.EST,0.211863026022911
Kiribati,KIR,Voice and Accountability: Estimate,VA.EST,1.03422045707703
"Korea, Dem. People’s Rep.",PRK,Control of Corruption: Estimate,CC.EST,-1.44958972930908
"Korea, Dem. People’s Rep.",PRK,Government Effectiveness: Estimate,GE.EST,-1.64748001098633
"Korea, Dem. People’s Rep.",PRK,Political Stability and Absence of Violence/Terrorism: Estimate,PV.EST,-0.710825681686401
"Korea, Dem. People’s Rep.",PRK,Regulatory Quality: Estimate,RQ.EST,-2.3319296836853
"Korea, Dem. People’s Rep.",PRK,Rule of Law: Estimate,RL.EST,-1.63240993022919
"Korea, Dem. People’s Rep.",PRK,Voice and Accountability: Estimate,VA.EST,-2.1323139667511
"Korea, Rep.",KOR,Control of Corruption: Estimate,CC.EST,0.372360110282898
"Korea, Rep.",KOR,Government Effectiveness: Estimate,GE.EST,1.07007157802582
"Korea, Rep.",KOR,Political Stability and Absence of Violence/Terrorism: Estimate,PV.EST,0.171203106641769
"Korea, Rep.",KOR,Regulatory Quality: Estimate,RQ.EST,1.11430299282074
"Korea, Rep.",KOR,Rule of Law: Estimate,RL.EST,1.14164233207703
"Korea, Rep.",KOR,Voice and Accountability: Estimate,VA.EST,0.625162184238434
Kosovo,XKX,Control of Corruption: Estimate,CC.EST,-0.420259982347488
Kosovo,XKX,Government Effectiveness: Estimate,GE.EST,-0.437375634908676
Kosovo,XKX,Political Stability and Absence of Violence/Terrorism: Estimate,PV.EST,-0.204919964075089
Kosovo,XKX,Regulatory Quality: Estimate,RQ.EST,-0.188960388302803
Kosovo,XKX,Rule of Law: Estimate,RL.EST,-0.384358584880829
Kosovo,XKX,Voice and Accountability: Estimate,VA.EST,-0.160055950284004
Kuwait,KWT,Control of Corruption: Estimate,CC.EST,-0.20402529835701
Kuwait,KWT,Government Effectiveness: Estimate,GE.EST,-0.18044488132
Kuwait,KWT,Political Stability and Absence of Violence/Terrorism: Estimate,PV.EST,-0.147371500730515
Kuwait,KWT,Regulatory Quality: Estimate,RQ.EST,-0.0738063901662827
Kuwait,KWT,Rule of Law: Estimate,RL.EST,0.0326305031776428
Kuwait,KWT,Voice and Accountability: Estimate,VA.EST,-0.694389700889587
Kyrgyz Republic,KGZ,Control of Corruption: Estimate,CC.EST,-1.07852447032928
Kyrgyz Republic,KGZ,Government Effectiveness: Estimate,GE.EST,-0.898510694503784
Kyrgyz Republic,KGZ,Political Stability and Absence of Violence/Terrorism: Estimate,PV.EST,-0.655584692955017
Kyrgyz Republic,KGZ,Regulatory Quality: Estimate,RQ.EST,-0.352723449468613
Kyrgyz Republic,KGZ,Rule of Law: Estimate,RL.EST,-1.09529089927673
Kyrgyz Republic,KGZ,Voice and Accountability: Estimate,VA.EST,-0.489857703447342
Lao PDR,LAO,Control of Corruption: Estimate,CC.EST,-0.930260360240936
Lao PDR,LAO,Government Effectiveness: Estimate,GE.EST,-0.385475516319275
Lao PDR,LAO,Political Stability and Absence of Violence/Terrorism: Estimate,PV.EST,0.499417662620544
Lao PDR,LAO,Regulatory Quality: Estimate,RQ.EST,-0.725071310997009
Lao PDR,LAO,Rule of Law: Estimate,RL.EST,-0.765127241611481
Lao PDR,LAO,Voice and Accountability: Estimate,VA.EST,-1.72922110557556
Latvia,LVA,Control of Corruption: Estimate,CC.EST,0.491258174180985
Latvia,LVA,Government Effectiveness: Estimate,GE.EST,0.99773508310318
Latvia,LVA,Political Stability and Absence of Violence/Terrorism: Estimate,PV.EST,0.391611039638519
Latvia,LVA,Regulatory Quality: Estimate,RQ.EST,1.08019542694092
Latvia,LVA,Rule of Law: Estimate,RL.EST,0.950072050094604
Latvia,LVA,Voice and Accountability: Estimate,VA.EST,0.870986759662628
Lebanon,LBN,Control of Corruption: Estimate,CC.EST,-0.966358184814453
Lebanon,LBN,Government Effectiveness: Estimate,GE.EST,-0.528524875640869
Lebanon,LBN,Political Stability and Absence of Violence/Terrorism: Estimate,PV.EST,-1.55500912666321
Lebanon,LBN,Regulatory Quality: Estimate,RQ.EST,-0.343141108751297
Lebanon,LBN,Rule of Law: Estimate,RL.EST,-0.858584702014923
Lebanon,LBN,Voice and Accountability: Estimate,VA.EST,-0.522965550422668
Lesotho,LSO,Control of Corruption: Estimate,CC.EST,-0.0193857587873936
Lesotho,LSO,Government Effectiveness: Estimate,GE.EST,-0.804588198661804
Lesotho,LSO,Political Stability and Absence of Violence/Terrorism: Estimate,PV.EST,-0.252483040094376
Lesotho,LSO,Regulatory Quality: Estimate,RQ.EST,-0.387630224227905
Lesotho,LSO,Rule of Law: Estimate,RL.EST,-0.177290052175522
Lesotho,LSO,Voice and Accountability: Estimate,VA.EST,0.0340431928634644
Liberia,LBR,Control of Corruption: Estimate,CC.EST,-0.713470160961151
Liberia,LBR,Government Effectiveness: Estimate,GE.EST,-1.31946659088135
Liberia,LBR,Political Stability and Absence of Violence/Terrorism: Estimate,PV.EST,-0.546739459037781
Liberia,LBR,Regulatory Quality: Estimate,RQ.EST,-0.948523163795471
Liberia,LBR,Rule of Law: Estimate,RL.EST,-0.967626333236694
Liberia,LBR,Voice and Accountability: Estimate,VA.EST,-0.0950270220637321
Libya,LBY,Control of Corruption: Estimate,CC.EST,-1.56890165805817
Libya,LBY,Government Effectiveness: Estimate,GE.EST,-1.8914737701416
Libya,LBY,Political Stability and Absence of Violence/Terrorism: Estimate,PV.EST,-2.20801758766174
Libya,LBY,Regulatory Quality: Estimate,RQ.EST,-2.27425861358643
Libya,LBY,Rule of Law: Estimate,RL.EST,-1.86877417564392
Libya,LBY,Voice and Accountability: Estimate,VA.EST,-1.3728095293045
Liechtenstein,LIE,Control of Corruption: Estimate,CC.EST,2.05113506317139
Liechtenstein,LIE,Government Effectiveness: Estimate,GE.EST,1.70124363899231
Liechtenstein,LIE,Political Stability and Absence of Violence/Terrorism: Estimate,PV.EST,1.46233880519867
Liechtenstein,LIE,Regulatory Quality: Estimate,RQ.EST,1.37274646759033
Liechtenstein,LIE,Rule of Law: Estimate,RL.EST,1.67767417430878
Liechtenstein,LIE,Voice and Accountability: Estimate,VA.EST,1.18799638748169
Lithuania,LTU,Control of Corruption: Estimate,CC.EST,0.665678024291992
Lithuania,LTU,Government Effectiveness: Estimate,GE.EST,1.08632183074951
Lithuania,LTU,Political Stability and Absence of Violence/Terrorism: Estimate,PV.EST,0.798876643180847
Lithuania,LTU,Regulatory Quality: Estimate,RQ.EST,1.13616549968719
Lithuania,LTU,Rule of Law: Estimate,RL.EST,1.02187919616699
Lithuania,LTU,Voice and Accountability: Estimate,VA.EST,0.98639839887619
Luxembourg,LUX,Control of Corruption: Estimate,CC.EST,2.07630157470703
Luxembourg,LUX,Government Effectiveness: Estimate,GE.EST,1.69212710857391
Luxembourg,LUX,Political Stability and Absence of Violence/Terrorism: Estimate,PV.EST,1.40701079368591
Luxembourg,LUX,Regulatory Quality: Estimate,RQ.EST,1.72225940227509
Luxembourg,LUX,Rule of Law: Estimate,RL.EST,1.71460390090942
Luxembourg,LUX,Voice and Accountability: Estimate,VA.EST,1.43676674365997
"Macao SAR, China",MAC,Control of Corruption: Estimate,CC.EST,0.833075344562531
"Macao SAR, China",MAC,Government Effectiveness: Estimate,GE.EST,1.17795729637146
"Macao SAR, China",MAC,Political Stability and Absence of Violence/Terrorism: Estimate,PV.EST,1.41510915756226
"Macao SAR, China",MAC,Regulatory Quality: Estimate,RQ.EST,1.78144979476929
"Macao SAR, China",MAC,Rule of Law: Estimate,RL.EST,0.827039062976837
"Macao SAR, China",MAC,Voice and Accountability: Estimate,VA.EST,-0.0559072494506836
"Macedonia, FYR",MKD,Control of Corruption: Estimate,CC.EST,-0.30718868970871
"Macedonia, FYR",MKD,Government Effectiveness: Estimate,GE.EST,0.094409391283989
"Macedonia, FYR",MKD,Political Stability and Absence of Violence/Terrorism: Estimate,PV.EST,-0.382267683744431
"Macedonia, FYR",MKD,Regulatory Quality: Estimate,RQ.EST,0.440831452608109
"Macedonia, FYR",MKD,Rule of Law: Estimate,RL.EST,-0.312175273895264
"Macedonia, FYR",MKD,Voice and Accountability: Estimate,VA.EST,-0.234150171279907
Madagascar,MDG,Control of Corruption: Estimate,CC.EST,-0.903342247009277
Madagascar,MDG,Government Effectiveness: Estimate,GE.EST,-1.16646146774292
Madagascar,MDG,Political Stability and Absence of Violence/Terrorism: Estimate,PV.EST,-0.397052109241486
Madagascar,MDG,Regulatory Quality: Estimate,RQ.EST,-0.6897794008255
Madagascar,MDG,Rule of Law: Estimate,RL.EST,-0.73554253578186
Madagascar,MDG,Voice and Accountability: Estimate,VA.EST,-0.269111484289169
Malawi,MWI,Control of Corruption: Estimate,CC.EST,-0.752990245819092
Malawi,MWI,Government Effectiveness: Estimate,GE.EST,-0.734152972698212
Malawi,MWI,Political Stability and Absence of Violence/Terrorism: Estimate,PV.EST,-0.0591660253703594
Malawi,MWI,Regulatory Quality: Estimate,RQ.EST,-0.844843208789825
Malawi,MWI,Rule of Law: Estimate,RL.EST,-0.371317267417908
Malawi,MWI,Voice and Accountability: Estimate,VA.EST,0.0359685905277729
Malaysia,MYS,Control of Corruption: Estimate,CC.EST,0.111187063157558
Malaysia,MYS,Government Effectiveness: Estimate,GE.EST,0.881595492362976
Malaysia,MYS,Political Stability and Absence of Violence/Terrorism: Estimate,PV.EST,0.100645072758198
Malaysia,MYS,Regulatory Quality: Estimate,RQ.EST,0.711715161800385
Malaysia,MYS,Rule of Law: Estimate,RL.EST,0.535256743431091
Malaysia,MYS,Voice and Accountability: Estimate,VA.EST,-0.467914581298828
Maldives,MDV,Control of Corruption: Estimate,CC.EST,-0.674275994300842
Maldives,MDV,Government Effectiveness: Estimate,GE.EST,-0.326829999685287
Maldives,MDV,Political Stability and Absence of Violence/Terrorism: Estimate,PV.EST,0.407542526721954
Maldives,MDV,Regulatory Quality: Estimate,RQ.EST,-0.458117961883545
Maldives,MDV,Rule of Law: Estimate,RL.EST,-0.407949388027191
Maldives,MDV,Voice and Accountability: Estimate,VA.EST,-0.736969649791718
Mali,MLI,Control of Corruption: Estimate,CC.EST,-0.667385697364807
Mali,MLI,Government Effectiveness: Estimate,GE.EST,-0.990040957927704
Mali,MLI,Political Stability and Absence of Violence/Terrorism: Estimate,PV.EST,-1.54750943183899
Mali,MLI,Regulatory Quality: Estimate,RQ.EST,-0.590899646282196
Mali,MLI,Rule of Law: Estimate,RL.EST,-0.779735863208771
Mali,MLI,Voice and Accountability: Estimate,VA.EST,-0.182141661643982
Malta,MLT,Control of Corruption: Estimate,CC.EST,0.717921912670136
Malta,MLT,Government Effectiveness: Estimate,GE.EST,0.947682857513428
Malta,MLT,Political Stability and Absence of Violence/Terrorism: Estimate,PV.EST,1.07802605628967
Malta,MLT,Regulatory Quality: Estimate,RQ.EST,1.15693068504333
Malta,MLT,Rule of Law: Estimate,RL.EST,1.07517290115356
Malta,MLT,Voice and Accountability: Estimate,VA.EST,1.19957900047302
Marshall Islands,MHL,Control of Corruption: Estimate,CC.EST,-0.0594031363725662
Marshall Islands,MHL,Government Effectiveness: Estimate,GE.EST,-1.55982077121735
Marshall Islands,MHL,Political Stability and Absence of Violence/Terrorism: Estimate,PV.EST,0.927389860153198
Marshall Islands,MHL,Regulatory Quality: Estimate,RQ.EST,-0.976266860961914
Marshall Islands,MHL,Rule of Law: Estimate,RL.EST,-0.0961682721972466
Marshall Islands,MHL,Voice and Accountability: Estimate,VA.EST,1.20333790779114
Martinique,MTQ,Control of Corruption: Estimate,CC.EST,1.23034083843231
Martinique,MTQ,Government Effectiveness: Estimate,GE.EST,0.797217607498169
Martinique,MTQ,Political Stability and Absence of Violence/Terrorism: Estimate,PV.EST,0.998822271823883
Martinique,MTQ,Regulatory Quality: Estimate,RQ.EST,1.23878955841064
Martinique,MTQ,Rule of Law: Estimate,RL.EST,0.856716096401215
Martinique,MTQ,Voice and Accountability: Estimate,VA.EST,..
Mauritania,MRT,Control of Corruption: Estimate,CC.EST,-0.801491796970367
Mauritania,MRT,Government Effectiveness: Estimate,GE.EST,-0.787193357944489
Mauritania,MRT,Political Stability and Absence of Violence/Terrorism: Estimate,PV.EST,-0.735730767250061
Mauritania,MRT,Regulatory Quality: Estimate,RQ.EST,-0.743026971817017
Mauritania,MRT,Rule of Law: Estimate,RL.EST,-0.77746319770813
Mauritania,MRT,Voice and Accountability: Estimate,VA.EST,-0.830524623394012
Mauritius,MUS,Control of Corruption: Estimate,CC.EST,0.318622589111328
Mauritius,MUS,Government Effectiveness: Estimate,GE.EST,0.958205819129944
Mauritius,MUS,Political Stability and Absence of Violence/Terrorism: Estimate,PV.EST,1.04753482341766
Mauritius,MUS,Regulatory Quality: Estimate,RQ.EST,1.02964019775391
Mauritius,MUS,Rule of Law: Estimate,RL.EST,0.802414953708649
Mauritius,MUS,Voice and Accountability: Estimate,VA.EST,0.86417293548584
Mexico,MEX,Control of Corruption: Estimate,CC.EST,-0.766181826591492
Mexico,MEX,Government Effectiveness: Estimate,GE.EST,0.144786760210991
Mexico,MEX,Political Stability and Absence of Violence/Terrorism: Estimate,PV.EST,-0.765679061412811
Mexico,MEX,Regulatory Quality: Estimate,RQ.EST,0.287015408277512
Mexico,MEX,Rule of Law: Estimate,RL.EST,-0.503426969051361
Mexico,MEX,Voice and Accountability: Estimate,VA.EST,-0.0885976478457451
"Micronesia, Fed. Sts.",FSM,Control of Corruption: Estimate,CC.EST,0.653046071529388
"Micronesia, Fed. Sts.",FSM,Government Effectiveness: Estimate,GE.EST,-0.349572777748108
"Micronesia, Fed. Sts.",FSM,Political Stability and Absence of Violence/Terrorism: Estimate,PV.EST,1.04967868328094
"Micronesia, Fed. Sts.",FSM,Regulatory Quality: Estimate,RQ.EST,-0.966066122055054
"Micronesia, Fed. Sts.",FSM,Rule of Law: Estimate,RL.EST,-0.0604708753526211
"Micronesia, Fed. Sts.",FSM,Voice and Accountability: Estimate,VA.EST,1.15924096107483
Moldova,MDA,Control of Corruption: Estimate,CC.EST,-0.959396839141846
Moldova,MDA,Government Effectiveness: Estimate,GE.EST,-0.616518259048462
Moldova,MDA,Political Stability and Absence of Violence/Terrorism: Estimate,PV.EST,-0.276612102985382
Moldova,MDA,Regulatory Quality: Estimate,RQ.EST,-0.115019887685776
Moldova,MDA,Rule of Law: Estimate,RL.EST,-0.5357985496521
Moldova,MDA,Voice and Accountability: Estimate,VA.EST,-0.0326086655259132
Monaco,MCO,Control of Corruption: Estimate,CC.EST,..
Monaco,MCO,Government Effectiveness: Estimate,GE.EST,..
Monaco,MCO,Political Stability and Absence of Violence/Terrorism: Estimate,PV.EST,1.00027680397034
Monaco,MCO,Regulatory Quality: Estimate,RQ.EST,..
Monaco,MCO,Rule of Law: Estimate,RL.EST,..
Monaco,MCO,Voice and Accountability: Estimate,VA.EST,0.846888303756714
Mongolia,MNG,Control of Corruption: Estimate,CC.EST,-0.499716311693192
Mongolia,MNG,Government Effectiveness: Estimate,GE.EST,-0.109448112547398
Mongolia,MNG,Political Stability and Absence of Violence/Terrorism: Estimate,PV.EST,0.820218563079834
Mongolia,MNG,Regulatory Quality: Estimate,RQ.EST,-0.0764399617910385
Mongolia,MNG,Rule of Law: Estimate,RL.EST,-0.223171457648277
Mongolia,MNG,Voice and Accountability: Estimate,VA.EST,0.450091898441315
Montenegro,MNE,Control of Corruption: Estimate,CC.EST,-0.100332848727703
Montenegro,MNE,Government Effectiveness: Estimate,GE.EST,0.104373753070831
Montenegro,MNE,Political Stability and Absence of Violence/Terrorism: Estimate,PV.EST,0.156316861510277
Montenegro,MNE,Regulatory Quality: Estimate,RQ.EST,0.224384620785713
Montenegro,MNE,Rule of Law: Estimate,RL.EST,-0.0423917360603809
Montenegro,MNE,Voice and Accountability: Estimate,VA.EST,0.0849808901548386
Morocco,MAR,Control of Corruption: Estimate,CC.EST,-0.149775862693787
Morocco,MAR,Government Effectiveness: Estimate,GE.EST,-0.0999571084976196
Morocco,MAR,Political Stability and Absence of Violence/Terrorism: Estimate,PV.EST,-0.285499393939972
Morocco,MAR,Regulatory Quality: Estimate,RQ.EST,-0.234967529773712
Morocco,MAR,Rule of Law: Estimate,RL.EST,-0.144751846790314
Morocco,MAR,Voice and Accountability: Estimate,VA.EST,-0.646655201911926
Mozambique,MOZ,Control of Corruption: Estimate,CC.EST,-0.865561306476593
Mozambique,MOZ,Government Effectiveness: Estimate,GE.EST,-0.852751672267914
Mozambique,MOZ,Political Stability and Absence of Violence/Terrorism: Estimate,PV.EST,-1.0487722158432
Mozambique,MOZ,Regulatory Quality: Estimate,RQ.EST,-0.704601526260376
Mozambique,MOZ,Rule of Law: Estimate,RL.EST,-1.01808142662048
Mozambique,MOZ,Voice and Accountability: Estimate,VA.EST,-0.393606185913086
Myanmar,MMR,Control of Corruption: Estimate,CC.EST,-0.64617395401001
Myanmar,MMR,Government Effectiveness: Estimate,GE.EST,-0.982821881771088
Myanmar,MMR,Political Stability and Absence of Violence/Terrorism: Estimate,PV.EST,-0.633574187755585
Myanmar,MMR,Regulatory Quality: Estimate,RQ.EST,-0.868379533290863
Myanmar,MMR,Rule of Law: Estimate,RL.EST,-0.986353039741516
Myanmar,MMR,Voice and Accountability: Estimate,VA.EST,-0.854827165603638
Namibia,NAM,Control of Corruption: Estimate,CC.EST,0.371125638484955
Namibia,NAM,Government Effectiveness: Estimate,GE.EST,0.171074151992798
Namibia,NAM,Political Stability and Absence of Violence/Terrorism: Estimate,PV.EST,0.742925822734833
Namibia,NAM,Regulatory Quality: Estimate,RQ.EST,-0.135981813073158
Namibia,NAM,Rule of Law: Estimate,RL.EST,0.39364019036293
Namibia,NAM,Voice and Accountability: Estimate,VA.EST,0.612627923488617
Nauru,NRU,Control of Corruption: Estimate,CC.EST,-0.468252688646317
Nauru,NRU,Government Effectiveness: Estimate,GE.EST,-0.692472398281097
Nauru,NRU,Political Stability and Absence of Violence/Terrorism: Estimate,PV.EST,0.550383031368256
Nauru,NRU,Regulatory Quality: Estimate,RQ.EST,-0.382236868143082
Nauru,NRU,Rule of Law: Estimate,RL.EST,-0.804049372673035
Nauru,NRU,Voice and Accountability: Estimate,VA.EST,0.516161918640137
Nepal,NPL,Control of Corruption: Estimate,CC.EST,-0.75966876745224
Nepal,NPL,Government Effectiveness: Estimate,GE.EST,-0.811091661453247
Nepal,NPL,Political Stability and Absence of Violence/Terrorism: Estimate,PV.EST,-0.793663620948792
Nepal,NPL,Regulatory Quality: Estimate,RQ.EST,-0.764709949493408
Nepal,NPL,Rule of Law: Estimate,RL.EST,-0.838581562042236
Nepal,NPL,Voice and Accountability: Estimate,VA.EST,-0.233582049608231
Netherlands,NLD,Control of Corruption: Estimate,CC.EST,1.95099556446075
Netherlands,NLD,Government Effectiveness: Estimate,GE.EST,1.84130799770355
Netherlands,NLD,Political Stability and Absence of Violence/Terrorism: Estimate,PV.EST,0.889827311038971
Netherlands,NLD,Regulatory Quality: Estimate,RQ.EST,1.97630953788757
Netherlands,NLD,Rule of Law: Estimate,RL.EST,1.89392244815826
Netherlands,NLD,Voice and Accountability: Estimate,VA.EST,1.47965395450592
Netherlands Antilles,ANT,Control of Corruption: Estimate,CC.EST,..
Netherlands Antilles,ANT,Government Effectiveness: Estimate,GE.EST,..
Netherlands Antilles,ANT,Political Stability and Absence of Violence/Terrorism: Estimate,PV.EST,..
Netherlands Antilles,ANT,Regulatory Quality: Estimate,RQ.EST,..
Netherlands Antilles,ANT,Rule of Law: Estimate,RL.EST,..
Netherlands Antilles,ANT,Voice and Accountability: Estimate,VA.EST,..
New Zealand,NZL,Control of Corruption: Estimate,CC.EST,2.29520463943481
New Zealand,NZL,Government Effectiveness: Estimate,GE.EST,1.85764491558075
New Zealand,NZL,Political Stability and Absence of Violence/Terrorism: Estimate,PV.EST,1.49012064933777
New Zealand,NZL,Regulatory Quality: Estimate,RQ.EST,2.03840160369873
New Zealand,NZL,Rule of Law: Estimate,RL.EST,1.92702102661133
New Zealand,NZL,Voice and Accountability: Estimate,VA.EST,1.44415950775146
Nicaragua,NIC,Control of Corruption: Estimate,CC.EST,-0.887811601161957
Nicaragua,NIC,Government Effectiveness: Estimate,GE.EST,-0.697707831859589
Nicaragua,NIC,Political Stability and Absence of Violence/Terrorism: Estimate,PV.EST,-0.172709912061691
Nicaragua,NIC,Regulatory Quality: Estimate,RQ.EST,-0.506705522537231
Nicaragua,NIC,Rule of Law: Estimate,RL.EST,-0.603669703006744
Nicaragua,NIC,Voice and Accountability: Estimate,VA.EST,-0.627501726150513
Niger,NER,Control of Corruption: Estimate,CC.EST,-0.64447283744812
Niger,NER,Government Effectiveness: Estimate,GE.EST,-0.592877626419067
Niger,NER,Political Stability and Absence of Violence/Terrorism: Estimate,PV.EST,-1.08397245407104
Niger,NER,Regulatory Quality: Estimate,RQ.EST,-0.671375393867493
Niger,NER,Rule of Law: Estimate,RL.EST,-0.641173243522644
Niger,NER,Voice and Accountability: Estimate,VA.EST,-0.339003443717957
Nigeria,NGA,Control of Corruption: Estimate,CC.EST,-1.04237186908722
Nigeria,NGA,Government Effectiveness: Estimate,GE.EST,-1.08738160133362
Nigeria,NGA,Political Stability and Absence of Violence/Terrorism: Estimate,PV.EST,-1.85385489463806
Nigeria,NGA,Regulatory Quality: Estimate,RQ.EST,-0.918940484523773
Nigeria,NGA,Rule of Law: Estimate,RL.EST,-1.05401647090912
Nigeria,NGA,Voice and Accountability: Estimate,VA.EST,-0.295079112052917
Niue,NIU,Control of Corruption: Estimate,CC.EST,..
Niue,NIU,Government Effectiveness: Estimate,GE.EST,..
Niue,NIU,Political Stability and Absence of Violence/Terrorism: Estimate,PV.EST,..
Niue,NIU,Regulatory Quality: Estimate,RQ.EST,..
Niue,NIU,Rule of Law: Estimate,RL.EST,..
Niue,NIU,Voice and Accountability: Estimate,VA.EST,..
Norway,NOR,Control of Corruption: Estimate,CC.EST,2.19934129714966
Norway,NOR,Government Effectiveness: Estimate,GE.EST,1.88285648822784
Norway,NOR,Political Stability and Absence of Violence/Terrorism: Estimate,PV.EST,1.16653871536255
Norway,NOR,Regulatory Quality: Estimate,RQ.EST,1.69804847240448
Norway,NOR,Rule of Law: Estimate,RL.EST,2.02046728134155
Norway,NOR,Voice and Accountability: Estimate,VA.EST,1.58164060115814
Oman,OMN,Control of Corruption: Estimate,CC.EST,0.371905535459518
Oman,OMN,Government Effectiveness: Estimate,GE.EST,0.190203636884689
Oman,OMN,Political Stability and Absence of Violence/Terrorism: Estimate,PV.EST,0.801888525485992
Oman,OMN,Regulatory Quality: Estimate,RQ.EST,0.610592663288116
Oman,OMN,Rule of Law: Estimate,RL.EST,0.434241831302643
Oman,OMN,Voice and Accountability: Estimate,VA.EST,-1.107426404953
Pakistan,PAK,Control of Corruption: Estimate,CC.EST,-0.857112288475037
Pakistan,PAK,Government Effectiveness: Estimate,GE.EST,-0.637140572071075
Pakistan,PAK,Political Stability and Absence of Violence/Terrorism: Estimate,PV.EST,-2.46728849411011
Pakistan,PAK,Regulatory Quality: Estimate,RQ.EST,-0.639669179916382
Pakistan,PAK,Rule of Law: Estimate,RL.EST,-0.829703986644745
Pakistan,PAK,Voice and Accountability: Estimate,VA.EST,-0.68809312582016
Palau,PLW,Control of Corruption: Estimate,CC.EST,-0.468252688646317
Palau,PLW,Government Effectiveness: Estimate,GE.EST,-0.40572988986969
Palau,PLW,Political Stability and Absence of Violence/Terrorism: Estimate,PV.EST,0.927389860153198
Palau,PLW,Regulatory Quality: Estimate,RQ.EST,-0.176109254360199
Palau,PLW,Rule of Law: Estimate,RL.EST,0.317480951547623
Palau,PLW,Voice and Accountability: Estimate,VA.EST,1.22538614273071
Panama,PAN,Control of Corruption: Estimate,CC.EST,-0.486516952514648
Panama,PAN,Government Effectiveness: Estimate,GE.EST,0.185663864016533
Panama,PAN,Political Stability and Absence of Violence/Terrorism: Estimate,PV.EST,0.434863179922104
Panama,PAN,Regulatory Quality: Estimate,RQ.EST,0.360636383295059
Panama,PAN,Rule of Law: Estimate,RL.EST,0.0250359326601028
Panama,PAN,Voice and Accountability: Estimate,VA.EST,0.528443813323975
Papua New Guinea,PNG,Control of Corruption: Estimate,CC.EST,-0.923388123512268
Papua New Guinea,PNG,Government Effectiveness: Estimate,GE.EST,-0.725788354873657
Papua New Guinea,PNG,Political Stability and Absence of Violence/Terrorism: Estimate,PV.EST,-0.495241820812225
Papua New Guinea,PNG,Regulatory Quality: Estimate,RQ.EST,-0.55601042509079
Papua New Guinea,PNG,Rule of Law: Estimate,RL.EST,-0.754454612731934
Papua New Guinea,PNG,Voice and Accountability: Estimate,VA.EST,0.190056756138802
Paraguay,PRY,Control of Corruption: Estimate,CC.EST,-0.748556673526764
Paraguay,PRY,Government Effectiveness: Estimate,GE.EST,-0.770884454250336
Paraguay,PRY,Political Stability and Absence of Violence/Terrorism: Estimate,PV.EST,0.200180888175964
Paraguay,PRY,Regulatory Quality: Estimate,RQ.EST,-0.299924224615097
Paraguay,PRY,Rule of Law: Estimate,RL.EST,-0.667941749095917
Paraguay,PRY,Voice and Accountability: Estimate,VA.EST,-0.0386418290436268
Peru,PER,Control of Corruption: Estimate,CC.EST,-0.35437273979187
Peru,PER,Government Effectiveness: Estimate,GE.EST,-0.170533314347267
Peru,PER,Political Stability and Absence of Violence/Terrorism: Estimate,PV.EST,-0.158690348267555
Peru,PER,Regulatory Quality: Estimate,RQ.EST,0.508269548416138
Peru,PER,Rule of Law: Estimate,RL.EST,-0.493892014026642
Peru,PER,Voice and Accountability: Estimate,VA.EST,0.279037088155746
Philippines,PHL,Control of Corruption: Estimate,CC.EST,-0.528784275054932
Philippines,PHL,Government Effectiveness: Estimate,GE.EST,-0.0125897657126188
Philippines,PHL,Political Stability and Absence of Violence/Terrorism: Estimate,PV.EST,-1.30315053462982
Philippines,PHL,Regulatory Quality: Estimate,RQ.EST,-0.0040514562278986
Philippines,PHL,Rule of Law: Estimate,RL.EST,-0.395716160535812
Philippines,PHL,Voice and Accountability: Estimate,VA.EST,0.143323644995689
Poland,POL,Control of Corruption: Estimate,CC.EST,0.745603263378143
Poland,POL,Government Effectiveness: Estimate,GE.EST,0.691426217556
Poland,POL,Political Stability and Absence of Violence/Terrorism: Estimate,PV.EST,0.512244462966919
Poland,POL,Regulatory Quality: Estimate,RQ.EST,0.95192962884903
Poland,POL,Rule of Law: Estimate,RL.EST,0.679982423782349
Poland,POL,Voice and Accountability: Estimate,VA.EST,0.836127877235413
Portugal,PRT,Control of Corruption: Estimate,CC.EST,0.960252344608307
Portugal,PRT,Government Effectiveness: Estimate,GE.EST,1.22030687332153
Portugal,PRT,Political Stability and Absence of Violence/Terrorism: Estimate,PV.EST,1.01705229282379
Portugal,PRT,Regulatory Quality: Estimate,RQ.EST,0.844361901283264
Portugal,PRT,Rule of Law: Estimate,RL.EST,1.1300847530365
Portugal,PRT,Voice and Accountability: Estimate,VA.EST,1.17299699783325
Puerto Rico,PRI,Control of Corruption: Estimate,CC.EST,0.0354522168636322
Puerto Rico,PRI,Government Effectiveness: Estimate,GE.EST,0.383037477731705
Puerto Rico,PRI,Political Stability and Absence of Violence/Terrorism: Estimate,PV.EST,0.812220275402069
Puerto Rico,PRI,Regulatory Quality: Estimate,RQ.EST,0.949777483940125
Puerto Rico,PRI,Rule of Law: Estimate,RL.EST,0.676600635051727
Puerto Rico,PRI,Voice and Accountability: Estimate,VA.EST,0.402257025241852
Qatar,QAT,Control of Corruption: Estimate,CC.EST,0.918440520763397
Qatar,QAT,Government Effectiveness: Estimate,GE.EST,0.747537553310394
Qatar,QAT,Political Stability and Absence of Violence/Terrorism: Estimate,PV.EST,0.867257058620453
Qatar,QAT,Regulatory Quality: Estimate,RQ.EST,0.696030139923096
Qatar,QAT,Rule of Law: Estimate,RL.EST,0.8649542927742
Qatar,QAT,Voice and Accountability: Estimate,VA.EST,-1.19534468650818
Reunion,REU,Control of Corruption: Estimate,CC.EST,0.64254766702652
Reunion,REU,Government Effectiveness: Estimate,GE.EST,1.06296336650848
Reunion,REU,Political Stability and Absence of Violence/Terrorism: Estimate,PV.EST,0.316860407590866
Reunion,REU,Regulatory Quality: Estimate,RQ.EST,1.23878955841064
Reunion,REU,Rule of Law: Estimate,RL.EST,1.09248089790344
Reunion,REU,Voice and Accountability: Estimate,VA.EST,..
Romania,ROU,Control of Corruption: Estimate,CC.EST,-0.000939624267630279
Romania,ROU,Government Effectiveness: Estimate,GE.EST,-0.170930698513985
Romania,ROU,Political Stability and Absence of Violence/Terrorism: Estimate,PV.EST,0.26743870973587
Romania,ROU,Regulatory Quality: Estimate,RQ.EST,0.587380111217499
Romania,ROU,Rule of Law: Estimate,RL.EST,0.301821559667587
Romania,ROU,Voice and Accountability: Estimate,VA.EST,0.514984607696533
Russian Federation,RUS,Control of Corruption: Estimate,CC.EST,-0.859784007072449
Russian Federation,RUS,Government Effectiveness: Estimate,GE.EST,-0.215767920017242
Russian Federation,RUS,Political Stability and Absence of Violence/Terrorism: Estimate,PV.EST,-0.89372855424881
Russian Federation,RUS,Regulatory Quality: Estimate,RQ.EST,-0.415649473667145
Russian Federation,RUS,Rule of Law: Estimate,RL.EST,-0.800349712371826
Russian Federation,RUS,Voice and Accountability: Estimate,VA.EST,-1.21164965629578
Rwanda,RWA,Control of Corruption: Estimate,CC.EST,0.691929399967194
Rwanda,RWA,Government Effectiveness: Estimate,GE.EST,0.106928966939449
Rwanda,RWA,Political Stability and Absence of Violence/Terrorism: Estimate,PV.EST,-0.0502832271158695
Rwanda,RWA,Regulatory Quality: Estimate,RQ.EST,0.107061825692654
Rwanda,RWA,Rule of Law: Estimate,RL.EST,0.0701455175876617
Rwanda,RWA,Voice and Accountability: Estimate,VA.EST,-1.21486437320709
Samoa,WSM,Control of Corruption: Estimate,CC.EST,0.281112641096115
Samoa,WSM,Government Effectiveness: Estimate,GE.EST,0.536134481430054
Samoa,WSM,Political Stability and Absence of Violence/Terrorism: Estimate,PV.EST,1.18823075294495
Samoa,WSM,Regulatory Quality: Estimate,RQ.EST,-0.103247083723545
Samoa,WSM,Rule of Law: Estimate,RL.EST,0.757050573825836
Samoa,WSM,Voice and Accountability: Estimate,VA.EST,0.759117126464844
San Marino,SMR,Control of Corruption: Estimate,CC.EST,..
San Marino,SMR,Government Effectiveness: Estimate,GE.EST,..
San Marino,SMR,Political Stability and Absence of Violence/Terrorism: Estimate,PV.EST,0.927389860153198
San Marino,SMR,Regulatory Quality: Estimate,RQ.EST,..
San Marino,SMR,Rule of Law: Estimate,RL.EST,..
San Marino,SMR,Voice and Accountability: Estimate,VA.EST,1.20333790779114
Sao Tome and Principe,STP,Control of Corruption: Estimate,CC.EST,-0.0611656755208969
Sao Tome and Principe,STP,Government Effectiveness: Estimate,GE.EST,-0.676555395126343
Sao Tome and Principe,STP,Political Stability and Absence of Violence/Terrorism: Estimate,PV.EST,0.229905739426613
Sao Tome and Principe,STP,Regulatory Quality: Estimate,RQ.EST,-0.81244558095932
Sao Tome and Principe,STP,Rule of Law: Estimate,RL.EST,-0.691438555717468
Sao Tome and Principe,STP,Voice and Accountability: Estimate,VA.EST,0.452146202325821
Saudi Arabia,SAU,Control of Corruption: Estimate,CC.EST,0.225989073514938
Saudi Arabia,SAU,Government Effectiveness: Estimate,GE.EST,0.243051618337631
Saudi Arabia,SAU,Political Stability and Absence of Violence/Terrorism: Estimate,PV.EST,-0.495983958244324
Saudi Arabia,SAU,Regulatory Quality: Estimate,RQ.EST,0.0793832093477249
Saudi Arabia,SAU,Rule of Law: Estimate,RL.EST,0.467494934797287
Saudi Arabia,SAU,Voice and Accountability: Estimate,VA.EST,-1.77761280536652
Senegal,SEN,Control of Corruption: Estimate,CC.EST,-0.0290071852505207
Senegal,SEN,Government Effectiveness: Estimate,GE.EST,-0.467253923416138
Senegal,SEN,Political Stability and Absence of Violence/Terrorism: Estimate,PV.EST,-0.266447424888611
Senegal,SEN,Regulatory Quality: Estimate,RQ.EST,-0.143120929598808
Senegal,SEN,Rule of Law: Estimate,RL.EST,-0.186746135354042
Senegal,SEN,Voice and Accountability: Estimate,VA.EST,0.373865276575089
Serbia,SRB,Control of Corruption: Estimate,CC.EST,-0.314743757247925
Serbia,SRB,Government Effectiveness: Estimate,GE.EST,0.0912763252854347
Serbia,SRB,Political Stability and Absence of Violence/Terrorism: Estimate,PV.EST,0.0473145097494125
Serbia,SRB,Regulatory Quality: Estimate,RQ.EST,0.056148324161768
Serbia,SRB,Rule of Law: Estimate,RL.EST,-0.115287661552429
Serbia,SRB,Voice and Accountability: Estimate,VA.EST,0.213489755988121
Seychelles,SYC,Control of Corruption: Estimate,CC.EST,0.793477177619934
Seychelles,SYC,Government Effectiveness: Estimate,GE.EST,0.358082920312881
Seychelles,SYC,Political Stability and Absence of Violence/Terrorism: Estimate,PV.EST,0.717595100402832
Seychelles,SYC,Regulatory Quality: Estimate,RQ.EST,-0.259231388568878
Seychelles,SYC,Rule of Law: Estimate,RL.EST,0.134665369987488
Seychelles,SYC,Voice and Accountability: Estimate,VA.EST,0.155122265219688
Sierra Leone,SLE,Control of Corruption: Estimate,CC.EST,-0.817387878894806
Sierra Leone,SLE,Government Effectiveness: Estimate,GE.EST,-1.19673001766205
Sierra Leone,SLE,Political Stability and Absence of Violence/Terrorism: Estimate,PV.EST,-0.161236852407455
Sierra Leone,SLE,Regulatory Quality: Estimate,RQ.EST,-0.925498008728027
Sierra Leone,SLE,Rule of Law: Estimate,RL.EST,-0.791716754436493
Sierra Leone,SLE,Voice and Accountability: Estimate,VA.EST,-0.126569807529449
Singapore,SGP,Control of Corruption: Estimate,CC.EST,2.07071137428284
Singapore,SGP,Government Effectiveness: Estimate,GE.EST,2.20858383178711
Singapore,SGP,Political Stability and Absence of Violence/Terrorism: Estimate,PV.EST,1.52832138538361
Singapore,SGP,Regulatory Quality: Estimate,RQ.EST,2.18069958686829
Singapore,SGP,Rule of Law: Estimate,RL.EST,1.83200287818909
Singapore,SGP,Voice and Accountability: Estimate,VA.EST,-0.28316542506218
Slovak Republic,SVK,Control of Corruption: Estimate,CC.EST,0.236103147268295
Slovak Republic,SVK,Government Effectiveness: Estimate,GE.EST,0.890099287033081
Slovak Republic,SVK,Political Stability and Absence of Violence/Terrorism: Estimate,PV.EST,0.623291373252869
Slovak Republic,SVK,Regulatory Quality: Estimate,RQ.EST,0.88897317647934
Slovak Republic,SVK,Rule of Law: Estimate,RL.EST,0.694871127605438
Slovak Republic,SVK,Voice and Accountability: Estimate,VA.EST,0.942393124103546
Slovenia,SVN,Control of Corruption: Estimate,CC.EST,0.801352858543396
Slovenia,SVN,Government Effectiveness: Estimate,GE.EST,1.11942267417908
Slovenia,SVN,Political Stability and Absence of Violence/Terrorism: Estimate,PV.EST,0.994879305362701
Slovenia,SVN,Regulatory Quality: Estimate,RQ.EST,0.640124320983887
Slovenia,SVN,Rule of Law: Estimate,RL.EST,1.08427977561951
Slovenia,SVN,Voice and Accountability: Estimate,VA.EST,0.997336983680725
Solomon Islands,SLB,Control of Corruption: Estimate,CC.EST,-0.343318909406662
Solomon Islands,SLB,Government Effectiveness: Estimate,GE.EST,-0.993267059326172
Solomon Islands,SLB,Political Stability and Absence of Violence/Terrorism: Estimate,PV.EST,0.511698603630066
Solomon Islands,SLB,Regulatory Quality: Estimate,RQ.EST,-0.958173155784607
Solomon Islands,SLB,Rule of Law: Estimate,RL.EST,-0.339238911867142
Solomon Islands,SLB,Voice and Accountability: Estimate,VA.EST,0.494588732719421
Somalia,SOM,Control of Corruption: Estimate,CC.EST,-1.68828225135803
Somalia,SOM,Government Effectiveness: Estimate,GE.EST,-2.18041777610779
Somalia,SOM,Political Stability and Absence of Violence/Terrorism: Estimate,PV.EST,-2.33021688461304
Somalia,SOM,Regulatory Quality: Estimate,RQ.EST,-2.26519680023193
Somalia,SOM,Rule of Law: Estimate,RL.EST,-2.37082147598267
Somalia,SOM,Voice and Accountability: Estimate,VA.EST,-1.8335942029953
South Africa,ZAF,Control of Corruption: Estimate,CC.EST,0.0498166531324387
South Africa,ZAF,Government Effectiveness: Estimate,GE.EST,0.272058576345444
South Africa,ZAF,Political Stability and Absence of Violence/Terrorism: Estimate,PV.EST,-0.131479322910309
South Africa,ZAF,Regulatory Quality: Estimate,RQ.EST,0.211726665496826
South Africa,ZAF,Rule of Law: Estimate,RL.EST,0.0726292654871941
South Africa,ZAF,Voice and Accountability: Estimate,VA.EST,0.644432365894318
South Sudan,SSD,Control of Corruption: Estimate,CC.EST,-1.57731580734253
South Sudan,SSD,Government Effectiveness: Estimate,GE.EST,-2.25986194610596
South Sudan,SSD,Political Stability and Absence of Violence/Terrorism: Estimate,PV.EST,-2.41843032836914
South Sudan,SSD,Regulatory Quality: Estimate,RQ.EST,-1.85561871528625
South Sudan,SSD,Rule of Law: Estimate,RL.EST,-1.69181573390961
South Sudan,SSD,Voice and Accountability: Estimate,VA.EST,-1.67089188098907
Spain,ESP,Control of Corruption: Estimate,CC.EST,0.523910105228424
Spain,ESP,Government Effectiveness: Estimate,GE.EST,1.11625623703003
Spain,ESP,Political Stability and Absence of Violence/Terrorism: Estimate,PV.EST,0.487920016050339
Spain,ESP,Regulatory Quality: Estimate,RQ.EST,1.00864696502686
Spain,ESP,Rule of Law: Estimate,RL.EST,0.97756814956665
Spain,ESP,Voice and Accountability: Estimate,VA.EST,1.05828773975372
Sri Lanka,LKA,Control of Corruption: Estimate,CC.EST,-0.281133145093918
Sri Lanka,LKA,Government Effectiveness: Estimate,GE.EST,-0.212067991495132
Sri Lanka,LKA,Political Stability and Absence of Violence/Terrorism: Estimate,PV.EST,0.0672366991639137
Sri Lanka,LKA,Regulatory Quality: Estimate,RQ.EST,-0.102120839059353
Sri Lanka,LKA,Rule of Law: Estimate,RL.EST,-0.00720832636579871
Sri Lanka,LKA,Voice and Accountability: Estimate,VA.EST,-0.10962688177824
St. Kitts and Nevis,KNA,Control of Corruption: Estimate,CC.EST,0.516819596290588
St. Kitts and Nevis,KNA,Government Effectiveness: Estimate,GE.EST,0.137052029371262
St. Kitts and Nevis,KNA,Political Stability and Absence of Violence/Terrorism: Estimate,PV.EST,0.623378753662109
St. Kitts and Nevis,KNA,Regulatory Quality: Estimate,RQ.EST,0.368013381958008
St. Kitts and Nevis,KNA,Rule of Law: Estimate,RL.EST,0.507265150547028
St. Kitts and Nevis,KNA,Voice and Accountability: Estimate,VA.EST,1.07199203968048
St. Lucia,LCA,Control of Corruption: Estimate,CC.EST,0.6341672539711
St. Lucia,LCA,Government Effectiveness: Estimate,GE.EST,0.0137321026995778
St. Lucia,LCA,Political Stability and Absence of Violence/Terrorism: Estimate,PV.EST,0.861845076084137
St. Lucia,LCA,Regulatory Quality: Estimate,RQ.EST,0.29028731584549
St. Lucia,LCA,Rule of Law: Estimate,RL.EST,0.50907576084137
St. Lucia,LCA,Voice and Accountability: Estimate,VA.EST,1.08928847312927
St. Vincent and the Grenadines,VCT,Control of Corruption: Estimate,CC.EST,0.678355038166046
St. Vincent and the Grenadines,VCT,Government Effectiveness: Estimate,GE.EST,0.20926496386528
St. Vincent and the Grenadines,VCT,Political Stability and Absence of Violence/Terrorism: Estimate,PV.EST,1.01384449005127
St. Vincent and the Grenadines,VCT,Regulatory Quality: Estimate,RQ.EST,0.279243290424347
St. Vincent and the Grenadines,VCT,Rule of Law: Estimate,RL.EST,0.406288683414459
St. Vincent and the Grenadines,VCT,Voice and Accountability: Estimate,VA.EST,1.03859174251556
Sudan,SDN,Control of Corruption: Estimate,CC.EST,-1.61404228210449
Sudan,SDN,Government Effectiveness: Estimate,GE.EST,-1.40625035762787
Sudan,SDN,Political Stability and Absence of Violence/Terrorism: Estimate,PV.EST,-2.3809220790863
Sudan,SDN,Regulatory Quality: Estimate,RQ.EST,-1.49143469333649
Sudan,SDN,Rule of Law: Estimate,RL.EST,-1.2618236541748
Sudan,SDN,Voice and Accountability: Estimate,VA.EST,-1.79709029197693
Suriname,SUR,Control of Corruption: Estimate,CC.EST,-0.321336299180985
Suriname,SUR,Government Effectiveness: Estimate,GE.EST,-0.340190201997757
Suriname,SUR,Political Stability and Absence of Violence/Terrorism: Estimate,PV.EST,0.273036956787109
Suriname,SUR,Regulatory Quality: Estimate,RQ.EST,-0.627055943012238
Suriname,SUR,Rule of Law: Estimate,RL.EST,-0.115290820598602
Suriname,SUR,Voice and Accountability: Estimate,VA.EST,0.46079558134079
Swaziland,SWZ,Control of Corruption: Estimate,CC.EST,-0.440371602773666
Swaziland,SWZ,Government Effectiveness: Estimate,GE.EST,-0.556703746318817
Swaziland,SWZ,Political Stability and Absence of Violence/Terrorism: Estimate,PV.EST,-0.490953356027603
Swaziland,SWZ,Regulatory Quality: Estimate,RQ.EST,-0.576255798339844
Swaziland,SWZ,Rule of Law: Estimate,RL.EST,-0.321980983018875
Swaziland,SWZ,Voice and Accountability: Estimate,VA.EST,-1.42391228675842
Sweden,SWE,Control of Corruption: Estimate,CC.EST,2.22130417823792
Sweden,SWE,Government Effectiveness: Estimate,GE.EST,1.78707790374756
Sweden,SWE,Political Stability and Absence of Violence/Terrorism: Estimate,PV.EST,0.98008805513382
Sweden,SWE,Regulatory Quality: Estimate,RQ.EST,1.85433900356293
Sweden,SWE,Rule of Law: Estimate,RL.EST,2.04333114624023
Sweden,SWE,Voice and Accountability: Estimate,VA.EST,1.50311148166656
Switzerland,CHE,Control of Corruption: Estimate,CC.EST,2.05051398277283
Switzerland,CHE,Government Effectiveness: Estimate,GE.EST,2.02562808990479
Switzerland,CHE,Political Stability and Absence of Violence/Terrorism: Estimate,PV.EST,1.3220831155777
Switzerland,CHE,Regulatory Quality: Estimate,RQ.EST,1.91211891174316
Switzerland,CHE,Rule of Law: Estimate,RL.EST,1.93561387062073
Switzerland,CHE,Voice and Accountability: Estimate,VA.EST,1.45840394496918
Syrian Arab Republic,SYR,Control of Corruption: Estimate,CC.EST,-1.57222247123718
Syrian Arab Republic,SYR,Government Effectiveness: Estimate,GE.EST,-1.8249694108963
Syrian Arab Republic,SYR,Political Stability and Absence of Violence/Terrorism: Estimate,PV.EST,-2.91405296325684
Syrian Arab Republic,SYR,Regulatory Quality: Estimate,RQ.EST,-1.66614854335785
Syrian Arab Republic,SYR,Rule of Law: Estimate,RL.EST,-2.00561666488647
Syrian Arab Republic,SYR,Voice and Accountability: Estimate,VA.EST,-1.95897567272186
"Taiwan, China",TWN,Control of Corruption: Estimate,CC.EST,0.857807755470276
"Taiwan, China",TWN,Government Effectiveness: Estimate,GE.EST,1.36998915672302
"Taiwan, China",TWN,Political Stability and Absence of Violence/Terrorism: Estimate,PV.EST,0.925991714000702
"Taiwan, China",TWN,Regulatory Quality: Estimate,RQ.EST,1.28789627552032
"Taiwan, China",TWN,Rule of Law: Estimate,RL.EST,1.14013338088989
"Taiwan, China",TWN,Voice and Accountability: Estimate,VA.EST,1.0363302230835
Tajikistan,TJK,Control of Corruption: Estimate,CC.EST,-1.07291460037231
Tajikistan,TJK,Government Effectiveness: Estimate,GE.EST,-1.02133226394653
Tajikistan,TJK,Political Stability and Absence of Violence/Terrorism: Estimate,PV.EST,-0.79242867231369
Tajikistan,TJK,Regulatory Quality: Estimate,RQ.EST,-1.09323215484619
Tajikistan,TJK,Rule of Law: Estimate,RL.EST,-1.17768669128418
Tajikistan,TJK,Voice and Accountability: Estimate,VA.EST,-1.67248976230621
Tanzania,TZA,Control of Corruption: Estimate,CC.EST,-0.508483350276947
Tanzania,TZA,Government Effectiveness: Estimate,GE.EST,-0.550348937511444
Tanzania,TZA,Political Stability and Absence of Violence/Terrorism: Estimate,PV.EST,-0.408460110425949
Tanzania,TZA,Regulatory Quality: Estimate,RQ.EST,-0.435300797224045
Tanzania,TZA,Rule of Law: Estimate,RL.EST,-0.388574630022049
Tanzania,TZA,Voice and Accountability: Estimate,VA.EST,-0.177943274378777
Thailand,THA,Control of Corruption: Estimate,CC.EST,-0.40281069278717
Thailand,THA,Government Effectiveness: Estimate,GE.EST,0.335228353738785
Thailand,THA,Political Stability and Absence of Violence/Terrorism: Estimate,PV.EST,-0.929401218891144
Thailand,THA,Regulatory Quality: Estimate,RQ.EST,0.168009966611862
Thailand,THA,Rule of Law: Estimate,RL.EST,0.0124617973342538
Thailand,THA,Voice and Accountability: Estimate,VA.EST,-1.10115718841553
Timor-Leste,TLS,Control of Corruption: Estimate,CC.EST,-0.511570155620575
Timor-Leste,TLS,Government Effectiveness: Estimate,GE.EST,-1.02814745903015
Timor-Leste,TLS,Political Stability and Absence of Violence/Terrorism: Estimate,PV.EST,-0.0782502219080925
Timor-Leste,TLS,Regulatory Quality: Estimate,RQ.EST,-0.97735458612442
Timor-Leste,TLS,Rule of Law: Estimate,RL.EST,-1.20012640953064
Timor-Leste,TLS,Voice and Accountability: Estimate,VA.EST,0.236261248588562
Togo,TGO,Control of Corruption: Estimate,CC.EST,-0.684962749481201
Togo,TGO,Government Effectiveness: Estimate,GE.EST,-1.07541573047638
Togo,TGO,Political Stability and Absence of Violence/Terrorism: Estimate,PV.EST,-0.195354297757149
Togo,TGO,Regulatory Quality: Estimate,RQ.EST,-0.793302059173584
Togo,TGO,Rule of Law: Estimate,RL.EST,-0.683660268783569
Togo,TGO,Voice and Accountability: Estimate,VA.EST,-0.510781526565552
Tonga,TON,Control of Corruption: Estimate,CC.EST,-0.441731780767441
Tonga,TON,Government Effectiveness: Estimate,GE.EST,-0.293576419353485
Tonga,TON,Political Stability and Absence of Violence/Terrorism: Estimate,PV.EST,0.911126613616943
Tonga,TON,Regulatory Quality: Estimate,RQ.EST,-0.405440241098404
Tonga,TON,Rule of Law: Estimate,RL.EST,0.23813234269619
Tonga,TON,Voice and Accountability: Estimate,VA.EST,0.666281938552856
Trinidad and Tobago,TTO,Control of Corruption: Estimate,CC.EST,-0.261942237615585
Trinidad and Tobago,TTO,Government Effectiveness: Estimate,GE.EST,0.223157614469528
Trinidad and Tobago,TTO,Political Stability and Absence of Violence/Terrorism: Estimate,PV.EST,0.283099383115768
Trinidad and Tobago,TTO,Regulatory Quality: Estimate,RQ.EST,0.0865978673100472
Trinidad and Tobago,TTO,Rule of Law: Estimate,RL.EST,-0.162937313318253
Trinidad and Tobago,TTO,Voice and Accountability: Estimate,VA.EST,0.601268887519836
Tunisia,TUN,Control of Corruption: Estimate,CC.EST,-0.118355050683022
Tunisia,TUN,Government Effectiveness: Estimate,GE.EST,-0.210900694131851
Tunisia,TUN,Political Stability and Absence of Violence/Terrorism: Estimate,PV.EST,-0.988354623317719
Tunisia,TUN,Regulatory Quality: Estimate,RQ.EST,-0.470168888568878
Tunisia,TUN,Rule of Law: Estimate,RL.EST,0.0234843995422125
Tunisia,TUN,Voice and Accountability: Estimate,VA.EST,0.329252779483795
Turkey,TUR,Control of Corruption: Estimate,CC.EST,-0.196323096752167
Turkey,TUR,Government Effectiveness: Estimate,GE.EST,0.0479291863739491
Turkey,TUR,Political Stability and Absence of Violence/Terrorism: Estimate,PV.EST,-1.99828016757965
Turkey,TUR,Regulatory Quality: Estimate,RQ.EST,0.196109876036644
Turkey,TUR,Rule of Law: Estimate,RL.EST,-0.16174042224884
Turkey,TUR,Voice and Accountability: Estimate,VA.EST,-0.634864151477814
Turkmenistan,TKM,Control of Corruption: Estimate,CC.EST,-1.46396970748901
Turkmenistan,TKM,Government Effectiveness: Estimate,GE.EST,-1.13999938964844
Turkmenistan,TKM,Political Stability and Absence of Violence/Terrorism: Estimate,PV.EST,-0.311651706695557
Turkmenistan,TKM,Regulatory Quality: Estimate,RQ.EST,-2.09118938446045
Turkmenistan,TKM,Rule of Law: Estimate,RL.EST,-1.55804359912872
Turkmenistan,TKM,Voice and Accountability: Estimate,VA.EST,-2.12787818908691
Tuvalu,TUV,Control of Corruption: Estimate,CC.EST,0.0317532755434513
Tuvalu,TUV,Government Effectiveness: Estimate,GE.EST,-0.92636114358902
Tuvalu,TUV,Political Stability and Absence of Violence/Terrorism: Estimate,PV.EST,1.39604675769806
Tuvalu,TUV,Regulatory Quality: Estimate,RQ.EST,-0.590001702308655
Tuvalu,TUV,Rule of Law: Estimate,RL.EST,0.460123807191849
Tuvalu,TUV,Voice and Accountability: Estimate,VA.EST,1.09309566020966
Uganda,UGA,Control of Corruption: Estimate,CC.EST,-1.06400990486145
Uganda,UGA,Government Effectiveness: Estimate,GE.EST,-0.569913685321808
Uganda,UGA,Political Stability and Absence of Violence/Terrorism: Estimate,PV.EST,-0.723371863365173
Uganda,UGA,Regulatory Quality: Estimate,RQ.EST,-0.213220834732056
Uganda,UGA,Rule of Law: Estimate,RL.EST,-0.24358631670475
Uganda,UGA,Voice and Accountability: Estimate,VA.EST,-0.712230265140533
Ukraine,UKR,Control of Corruption: Estimate,CC.EST,-0.840939223766327
Ukraine,UKR,Government Effectiveness: Estimate,GE.EST,-0.582816183567047
Ukraine,UKR,Political Stability and Absence of Violence/Terrorism: Estimate,PV.EST,-1.89068531990051
Ukraine,UKR,Regulatory Quality: Estimate,RQ.EST,-0.429657250642776
Ukraine,UKR,Rule of Law: Estimate,RL.EST,-0.765136122703552
Ukraine,UKR,Voice and Accountability: Estimate,VA.EST,0.0240546241402626
United Arab Emirates,ARE,Control of Corruption: Estimate,CC.EST,1.27617394924164
United Arab Emirates,ARE,Government Effectiveness: Estimate,GE.EST,1.41363656520844
United Arab Emirates,ARE,Political Stability and Absence of Violence/Terrorism: Estimate,PV.EST,0.441242814064026
United Arab Emirates,ARE,Regulatory Quality: Estimate,RQ.EST,0.972666561603546
United Arab Emirates,ARE,Rule of Law: Estimate,RL.EST,0.887416660785675
United Arab Emirates,ARE,Voice and Accountability: Estimate,VA.EST,-1.12215483188629
United Kingdom,GBR,Control of Corruption: Estimate,CC.EST,1.880499958992
United Kingdom,GBR,Government Effectiveness: Estimate,GE.EST,1.61087489128113
United Kingdom,GBR,Political Stability and Absence of Violence/Terrorism: Estimate,PV.EST,0.379436075687408
United Kingdom,GBR,Regulatory Quality: Estimate,RQ.EST,1.76083242893219
United Kingdom,GBR,Rule of Law: Estimate,RL.EST,1.62692809104919
United Kingdom,GBR,Voice and Accountability: Estimate,VA.EST,1.23711884021759
United States,USA,Control of Corruption: Estimate,CC.EST,1.33060193061829
United States,USA,Government Effectiveness: Estimate,GE.EST,1.48105001449585
United States,USA,Political Stability and Absence of Violence/Terrorism: Estimate,PV.EST,0.353568375110626
United States,USA,Regulatory Quality: Estimate,RQ.EST,1.49716806411743
United States,USA,Rule of Law: Estimate,RL.EST,1.66604995727539
United States,USA,Voice and Accountability: Estimate,VA.EST,1.10392916202545
Uruguay,URY,Control of Corruption: Estimate,CC.EST,1.32070410251617
Uruguay,URY,Government Effectiveness: Estimate,GE.EST,0.549528539180756
Uruguay,URY,Political Stability and Absence of Violence/Terrorism: Estimate,PV.EST,1.09619140625
Uruguay,URY,Regulatory Quality: Estimate,RQ.EST,0.489447712898254
Uruguay,URY,Rule of Law: Estimate,RL.EST,0.630802810192108
Uruguay,URY,Voice and Accountability: Estimate,VA.EST,1.18436372280121
Uzbekistan,UZB,Control of Corruption: Estimate,CC.EST,-1.19637274742126
Uzbekistan,UZB,Government Effectiveness: Estimate,GE.EST,-0.595769762992859
Uzbekistan,UZB,Political Stability and Absence of Violence/Terrorism: Estimate,PV.EST,-0.343727082014084
Uzbekistan,UZB,Regulatory Quality: Estimate,RQ.EST,-1.62017571926117
Uzbekistan,UZB,Rule of Law: Estimate,RL.EST,-1.13326001167297
Uzbekistan,UZB,Voice and Accountability: Estimate,VA.EST,-1.88669896125793
Vanuatu,VUT,Control of Corruption: Estimate,CC.EST,-0.0965218469500542
Vanuatu,VUT,Government Effectiveness: Estimate,GE.EST,-0.875636160373688
Vanuatu,VUT,Political Stability and Absence of Violence/Terrorism: Estimate,PV.EST,0.514076471328735
Vanuatu,VUT,Regulatory Quality: Estimate,RQ.EST,-0.293057471513748
Vanuatu,VUT,Rule of Law: Estimate,RL.EST,0.32177197933197
Vanuatu,VUT,Voice and Accountability: Estimate,VA.EST,0.692246913909912
"Venezuela, RB",VEN,Control of Corruption: Estimate,CC.EST,-1.39255726337433
"Venezuela, RB",VEN,Government Effectiveness: Estimate,GE.EST,-1.29338192939758
"Venezuela, RB",VEN,Political Stability and Absence of Violence/Terrorism: Estimate,PV.EST,-1.02612006664276
"Venezuela, RB",VEN,Regulatory Quality: Estimate,RQ.EST,-1.99690878391266
"Venezuela, RB",VEN,Rule of Law: Estimate,RL.EST,-2.1784930229187
"Venezuela, RB",VEN,Voice and Accountability: Estimate,VA.EST,-1.13477694988251
Vietnam,VNM,Control of Corruption: Estimate,CC.EST,-0.39631524682045
Vietnam,VNM,Government Effectiveness: Estimate,GE.EST,0.010342133231461
Vietnam,VNM,Political Stability and Absence of Violence/Terrorism: Estimate,PV.EST,0.168573662638664
Vietnam,VNM,Regulatory Quality: Estimate,RQ.EST,-0.453935146331787
Vietnam,VNM,Rule of Law: Estimate,RL.EST,0.0480056367814541
Vietnam,VNM,Voice and Accountability: Estimate,VA.EST,-1.4071170091629
Virgin Islands (U.S.),VIR,Control of Corruption: Estimate,CC.EST,0.64254766702652
Virgin Islands (U.S.),VIR,Government Effectiveness: Estimate,GE.EST,1.32870924472809
Virgin Islands (U.S.),VIR,Political Stability and Absence of Violence/Terrorism: Estimate,PV.EST,0.998822271823883
Virgin Islands (U.S.),VIR,Regulatory Quality: Estimate,RQ.EST,0.871408939361572
Virgin Islands (U.S.),VIR,Rule of Law: Estimate,RL.EST,0.620951354503632
Virgin Islands (U.S.),VIR,Voice and Accountability: Estimate,VA.EST,..
West Bank and Gaza,PSE,Control of Corruption: Estimate,CC.EST,-0.151859968900681
West Bank and Gaza,PSE,Government Effectiveness: Estimate,GE.EST,-0.618906199932098
West Bank and Gaza,PSE,Political Stability and Absence of Violence/Terrorism: Estimate,PV.EST,-2.0978467464447
West Bank and Gaza,PSE,Regulatory Quality: Estimate,RQ.EST,0.064761221408844
West Bank and Gaza,PSE,Rule of Law: Estimate,RL.EST,-0.306333690881729
West Bank and Gaza,PSE,Voice and Accountability: Estimate,VA.EST,-1.16916120052338
"Yemen, Rep.",YEM,Control of Corruption: Estimate,CC.EST,-1.668297290802
"Yemen, Rep.",YEM,Government Effectiveness: Estimate,GE.EST,-1.81949746608734
"Yemen, Rep.",YEM,Political Stability and Absence of Violence/Terrorism: Estimate,PV.EST,-2.79377603530884
"Yemen, Rep.",YEM,Regulatory Quality: Estimate,RQ.EST,-1.47993290424347
"Yemen, Rep.",YEM,Rule of Law: Estimate,RL.EST,-1.60098910331726
"Yemen, Rep.",YEM,Voice and Accountability: Estimate,VA.EST,-1.65175592899323
Zambia,ZMB,Control of Corruption: Estimate,CC.EST,-0.396115690469742
Zambia,ZMB,Government Effectiveness: Estimate,GE.EST,-0.658354103565216
Zambia,ZMB,Political Stability and Absence of Violence/Terrorism: Estimate,PV.EST,0.18308162689209
Zambia,ZMB,Regulatory Quality: Estimate,RQ.EST,-0.48363071680069
Zambia,ZMB,Rule of Law: Estimate,RL.EST,-0.302030891180038
Zambia,ZMB,Voice and Accountability: Estimate,VA.EST,-0.300023257732391
Zimbabwe,ZWE,Control of Corruption: Estimate,CC.EST,-1.28197073936462
Zimbabwe,ZWE,Government Effectiveness: Estimate,GE.EST,-1.15910828113556
Zimbabwe,ZWE,Political Stability and Absence of Violence/Terrorism: Estimate,PV.EST,-0.612713396549225
Zimbabwe,ZWE,Regulatory Quality: Estimate,RQ.EST,-1.7201110124588
Zimbabwe,ZWE,Rule of Law: Estimate,RL.EST,-1.32366704940796
Zimbabwe,ZWE,Voice and Accountability: Estimate,VA.EST,-1.11337447166443
